line_number,exec_time,success,size
2,0.00010215200018137693,True,0.0
3,0.0002028800081461668,True,0.0
4,5.391798913478851e-05,True,-0.5
5,0.0003101859474554658,True,-0.5
6,6.49609137326479e-05,True,-0.5
7,0.00023791904095560312,True,-0.5
8,7.641606498509645e-05,True,-0.2
9,0.00024872098583728075,True,-0.2
10,8.416699711233377e-05,True,-0.16666666666666666
11,0.0003465629415586591,True,-0.16666666666666666
12,6.691599264740944e-05,True,-0.6666666666666666
13,0.00023701100144535303,True,-0.6666666666666666
14,6.475800182670355e-05,True,-0.4
15,0.00021053990349173546,True,-0.4
16,6.46000262349844e-05,True,-0.2
17,0.00020789599511772394,True,-0.2
18,6.219092756509781e-05,True,-0.5
19,0.0001626639859750867,True,-0.5
20,6.512401159852743e-05,True,-0.2
21,0.00023287697695195675,True,-0.2
22,7.697998080402613e-05,True,-0.2
23,0.0002970360219478607,True,-0.2
24,7.925298996269703e-05,True,-0.3333333333333333
25,0.0003464019391685724,True,-0.3333333333333333
26,7.662491407245398e-05,True,-0.2
27,0.00031439505983144045,True,-0.2
28,8.183601312339306e-05,True,0.3333333333333333
29,0.00018333003390580416,True,0.3333333333333333
30,7.875601295381784e-05,True,-0.3333333333333333
31,0.000309357070364058,True,-0.3333333333333333
32,7.619394455105066e-05,True,-0.8333333333333334
33,0.0002543269656598568,True,-0.8333333333333334
34,6.553204730153084e-05,True,-0.5
35,0.0001147460425272584,True,-0.5
36,0.00011909299064427614,True,0.0
37,0.00017818505875766277,True,0.0
38,8.225697092711926e-05,True,-0.3333333333333333
39,0.00016151496674865484,True,-0.3333333333333333
40,8.827296551316977e-05,True,0.3333333333333333
41,0.00021283910609781742,True,0.3333333333333333
42,8.784898091107607e-05,True,-0.3333333333333333
43,0.00033934402745217085,True,-0.3333333333333333
44,8.226500358432531e-05,True,-0.4
45,0.00024655903689563274,True,-0.4
46,8.149899076670408e-05,True,-0.4
47,0.0002857319777831435,True,-0.4
48,9.400199633091688e-05,True,0.6666666666666666
49,0.0001964690163731575,True,0.6666666666666666
50,9.17079159989953e-05,True,-0.3333333333333333
51,0.0002251340774819255,True,-0.3333333333333333
52,8.321693167090416e-05,True,-0.3333333333333333
53,0.0003174319863319397,True,-0.3333333333333333
54,9.290105663239956e-05,True,-0.5
55,0.00024340604431927204,True,-0.5
56,9.224493987858295e-05,True,0.0
57,0.00024789804592728615,True,0.0
58,8.20730347186327e-05,True,-0.16666666666666666
59,0.0002983339363709092,True,-0.16666666666666666
60,6.743799895048141e-05,True,-0.6666666666666666
61,0.00015284307301044464,True,-0.6666666666666666
62,8.9784967713058e-05,True,-0.4
63,0.0002527930773794651,True,-0.4
64,8.028303273022175e-05,True,-0.16666666666666666
65,0.00023644696921110153,True,-0.16666666666666666
66,6.840401329100132e-05,True,-0.5
67,0.00026577897369861603,True,-0.5
68,9.273807518184185e-05,True,-0.3333333333333333
69,0.00027444108854979277,True,-0.3333333333333333
70,8.031202014535666e-05,True,-0.3333333333333333
71,0.0002741590142250061,True,-0.3333333333333333
72,7.702701259404421e-05,True,-0.3333333333333333
73,0.00030424294527620077,True,-0.3333333333333333
74,9.196891915053129e-05,True,-0.3333333333333333
75,0.00026733207050710917,True,-0.3333333333333333
76,6.80750235915184e-05,True,-0.6666666666666666
77,0.0001386080402880907,True,-0.6666666666666666
78,7.118401117622852e-05,True,0.0
79,0.00013652804773300886,True,0.0
80,6.988004315644503e-05,True,-0.3333333333333333
81,0.00022095011081546545,True,-0.3333333333333333
82,6.461609154939651e-05,True,-0.6
83,0.00019050296396017075,True,-0.6
84,8.311099372804165e-05,True,-0.16666666666666666
85,0.0002581690205261111,True,-0.16666666666666666
86,7.141102105379105e-05,True,-0.3333333333333333
87,0.0002395850606262684,True,-0.3333333333333333
88,7.665599696338177e-05,True,-0.16666666666666666
89,0.0003531560068950057,True,-0.16666666666666666
90,7.954996544867754e-05,True,-0.3333333333333333
91,0.00027933099772781134,True,-0.3333333333333333
92,9.068707004189491e-05,True,0.0
93,0.00029559899121522903,True,0.0
94,7.735099643468857e-05,True,-0.6666666666666666
95,0.00028796796686947346,True,-0.6666666666666666
96,8.922105189412832e-05,True,0.0
97,0.00018361606635153294,True,0.0
98,8.111901115626097e-05,True,-0.3333333333333333
99,0.00014689296949654818,True,-0.3333333333333333
100,0.0001045389799401164,True,-0.5
101,0.00031748705077916384,True,-0.5
102,8.965795859694481e-05,True,-0.5
103,0.0003149330150336027,True,-0.5
104,7.630803156644106e-05,True,-0.3333333333333333
105,0.00014921696856617928,True,-0.3333333333333333
106,0.00010060204658657312,True,0.3333333333333333
107,0.00014497898519039154,True,0.3333333333333333
108,9.512307588011026e-05,True,-0.16666666666666666
109,0.0002656729193404317,True,-0.16666666666666666
110,8.77289567142725e-05,True,0.0
111,0.000202102935872972,True,0.0
112,9.313703048974276e-05,True,-0.16666666666666666
113,0.0002979600103572011,True,-0.16666666666666666
114,0.00015559990424662828,True,0.0
115,0.00024152209516614676,True,0.0
116,9.608292020857334e-05,True,0.0
117,0.0002903379499912262,True,0.0
118,0.00011518597602844238,True,0.6666666666666666
119,0.00019534502644091845,True,0.6666666666666666
120,8.961604908108711e-05,True,0.6666666666666666
121,0.00017781101632863283,True,0.6666666666666666
122,0.0001013509463518858,True,-0.3333333333333333
123,0.0002758509945124388,True,-0.3333333333333333
124,9.842601139098406e-05,True,0.6666666666666666
125,0.0001743169268593192,True,0.6666666666666666
126,9.251304436475039e-05,True,-0.4
127,0.00026683800388127565,True,-0.4
128,0.00010419590398669243,True,0.0
129,0.00028910604305565357,True,0.0
130,9.357195813208818e-05,True,-0.3333333333333333
131,0.00034264102578163147,True,-0.3333333333333333
132,7.617496885359287e-05,True,-0.5
133,0.00010361999738961458,True,-0.5
134,7.646298035979271e-05,True,-0.5
135,9.575299918651581e-05,True,-0.5
136,7.503200322389603e-05,True,-0.3333333333333333
137,0.00014753208961337805,True,-0.3333333333333333
138,8.457200601696968e-05,True,-0.3333333333333333
139,0.00014053599443286657,True,-0.3333333333333333
140,7.670593913644552e-05,True,-0.5
141,0.00024294806644320488,True,-0.5
142,8.618691936135292e-05,True,-0.5
143,0.0001000020420178771,True,-0.5
144,8.99509759619832e-05,True,-0.5
145,0.0003675720654428005,True,-0.5
146,0.00010792096145451069,True,0.6666666666666666
147,0.00019907497335225344,True,0.6666666666666666
148,7.619010284543037e-05,True,-0.5
149,0.00028001703321933746,True,-0.5
150,8.563604205846786e-05,True,0.0
151,0.0001458730548620224,True,0.0
152,0.00010625598952174187,True,-0.16666666666666666
153,0.00029725092463195324,True,-0.16666666666666666
154,9.55299474298954e-05,True,-0.16666666666666666
155,0.00027702900115400553,True,-0.16666666666666666
156,8.584593888372183e-05,True,-0.16666666666666666
157,0.0002771039726212621,True,-0.16666666666666666
158,7.338100112974644e-05,True,-0.3333333333333333
159,0.00014070107135921717,True,-0.3333333333333333
160,7.995008490979671e-05,True,-0.3333333333333333
161,0.00031877891160547733,True,-0.3333333333333333
162,9.770703036338091e-05,True,-0.16666666666666666
163,0.0003313430352136493,True,-0.16666666666666666
164,7.312500383704901e-05,True,0.0
165,0.00012298801448196173,True,0.0
166,7.409893441945314e-05,True,0.3333333333333333
167,0.0001449960982427001,True,0.3333333333333333
168,8.530006743967533e-05,True,-0.2
169,0.00030042591970413923,True,-0.2
170,8.336501196026802e-05,True,-0.3333333333333333
171,0.0003124909708276391,True,-0.3333333333333333
172,9.119906462728977e-05,True,-0.3333333333333333
173,0.0003007979830726981,True,-0.3333333333333333
174,9.177799802273512e-05,True,0.0
175,0.00027098902501165867,True,0.0
176,6.419199053198099e-05,True,-0.6666666666666666
177,0.0001448089024052024,True,-0.6666666666666666
178,8.241890463978052e-05,True,-0.5
179,0.0002747960388660431,True,-0.5
180,7.568509317934513e-05,True,-0.5
181,0.00011709704995155334,True,-0.5
182,9.696104098111391e-05,True,0.6666666666666666
183,0.00017870799638330936,True,0.6666666666666666
184,0.00010091904550790787,True,-0.16666666666666666
185,0.00028242694679647684,True,-0.16666666666666666
186,9.986793156713247e-05,True,0.3333333333333333
187,0.00014141900464892387,True,0.3333333333333333
188,0.00010311906225979328,True,-0.16666666666666666
189,0.0002677480224519968,True,-0.16666666666666666
190,9.188498370349407e-05,True,-0.3333333333333333
191,0.0002912660129368305,True,-0.3333333333333333
192,9.402900468558073e-05,True,0.0
193,0.00017578701954334974,True,0.0
194,8.892605546861887e-05,True,-0.3333333333333333
195,0.00026345206424593925,True,-0.3333333333333333
196,0.00013566610869020224,True,0.0
197,0.0003235780168324709,True,0.0
198,8.815608453005552e-05,True,-0.4
199,0.00027961796149611473,True,-0.4
200,0.00010590197052806616,True,-0.4
201,0.00023328803945332766,True,-0.4
202,9.148195385932922e-05,True,-0.8333333333333334
203,0.00019064091611653566,True,-0.8333333333333334
204,0.00011652102693915367,True,-0.16666666666666666
205,0.00025034300051629543,True,-0.16666666666666666
206,8.171005174517632e-05,True,-0.75
207,0.0001937170745804906,True,-0.75
208,0.00011408294085413218,True,0.3333333333333333
209,0.0001881259959191084,True,0.3333333333333333
210,9.371701162308455e-05,True,-0.3333333333333333
211,0.00015201105270534754,True,-0.3333333333333333
212,9.885197505354881e-05,True,-0.6
213,0.0002498920075595379,True,-0.6
214,0.00010483001824468374,True,-0.3333333333333333
215,0.00028672395274043083,True,-0.3333333333333333
216,0.00011052796617150307,True,0.3333333333333333
217,0.00017408700659871101,True,0.3333333333333333
218,8.592696394771338e-05,True,-0.5
219,0.00024966499768197536,True,-0.5
220,9.78249590843916e-05,True,-0.16666666666666666
221,0.00035887700505554676,True,-0.16666666666666666
222,0.0001076720654964447,True,-0.16666666666666666
223,0.00030208099633455276,True,-0.16666666666666666
224,0.00011582695879042149,True,0.6666666666666666
225,0.00017934199422597885,True,0.6666666666666666
226,9.727198630571365e-05,True,0.0
227,9.800202678889036e-05,True,0.0
228,0.00010608998127281666,True,-0.16666666666666666
229,0.0003228770801797509,True,-0.16666666666666666
230,0.00010959501378238201,True,-0.3333333333333333
231,0.0002943930448964238,True,-0.3333333333333333
232,0.00010028202086687088,True,-0.6666666666666666
233,0.00030439195688813925,True,-0.6666666666666666
234,8.168898057192564e-05,True,-0.6666666666666666
235,0.00014016602654010057,True,-0.6666666666666666
236,0.000102830003015697,True,-0.5
237,0.0003666980192065239,True,-0.5
238,8.775398600846529e-05,True,0.3333333333333333
239,0.00016380997840315104,True,0.3333333333333333
240,0.00010317307896912098,True,-0.3333333333333333
241,0.00029151199851185083,True,-0.3333333333333333
242,9.89310210570693e-05,True,0.6666666666666666
243,0.00015877792611718178,True,0.6666666666666666
244,8.339097257703543e-05,True,-0.3333333333333333
245,0.00014053599443286657,True,-0.3333333333333333
246,8.60010040923953e-05,True,0.0
247,0.0001121290260925889,True,0.0
248,9.923905599862337e-05,True,-0.6
249,0.00021870003547519445,True,-0.6
250,9.780202526599169e-05,True,-0.16666666666666666
251,0.00027111393865197897,True,-0.16666666666666666
252,9.292503818869591e-05,True,-0.3333333333333333
253,0.0003567739622667432,True,-0.3333333333333333
254,0.000125432969070971,True,0.6666666666666666
255,0.0001984520349651575,True,0.6666666666666666
256,0.00010278297122567892,True,-0.16666666666666666
257,0.0003721559187397361,True,-0.16666666666666666
258,0.000107433064840734,True,-0.3333333333333333
259,0.00027153396513313055,True,-0.3333333333333333
260,9.383400902152061e-05,True,-0.3333333333333333
261,0.0002807960845530033,True,-0.3333333333333333
262,0.00010152498725801706,True,-0.16666666666666666
263,0.00028341508004814386,True,-0.16666666666666666
264,0.00010363396722823381,True,0.0
265,0.00024141906760632992,True,0.0
266,8.872989565134048e-05,True,-0.6666666666666666
267,0.0002300440100952983,True,-0.6666666666666666
268,0.00010610709432512522,True,0.6666666666666666
269,0.00015626195818185806,True,0.6666666666666666
270,0.00010125397238880396,True,0.0
271,0.00026410503778606653,True,0.0
272,8.729496039450169e-05,True,0.0
273,0.0001612169435247779,True,0.0
274,9.894894901663065e-05,True,-0.16666666666666666
275,0.0002877339720726013,True,-0.16666666666666666
276,9.844999294728041e-05,True,0.6666666666666666
277,0.00015930202789604664,True,0.6666666666666666
278,9.791995398700237e-05,True,-0.3333333333333333
279,0.00025670696049928665,True,-0.3333333333333333
280,0.00010971399024128914,True,0.3333333333333333
281,0.00012492306996136904,True,0.3333333333333333
282,9.531504474580288e-05,True,-0.16666666666666666
283,0.0002953130751848221,True,-0.16666666666666666
284,9.514100383967161e-05,True,-0.2
285,0.00026358093600720167,True,-0.2
286,0.00010857300367206335,True,0.3333333333333333
287,0.00015227298717945814,True,0.3333333333333333
288,8.963700383901596e-05,True,-0.5
289,0.00029865303076803684,True,-0.5
290,8.27849144116044e-05,True,-0.5
291,0.00012578698806464672,True,-0.5
292,0.00010353093966841698,True,-0.3333333333333333
293,0.0002917250385507941,True,-0.3333333333333333
294,0.00010496191680431366,True,-0.16666666666666666
295,0.00028469692915678024,True,-0.16666666666666666
296,8.066894952207804e-05,True,-0.6666666666666666
297,0.000159549992531538,True,-0.6666666666666666
298,0.00010165304411202669,True,-0.3333333333333333
299,0.0003381789429113269,True,-0.3333333333333333
300,0.00011425500269979239,True,0.6666666666666666
301,0.00020139291882514954,True,0.6666666666666666
302,0.00011321099009364843,True,-0.3333333333333333
303,0.0002873659832403064,True,-0.3333333333333333
304,0.00011308304965496063,True,0.6666666666666666
305,0.00018872995860874653,True,0.6666666666666666
306,9.738409426063299e-05,True,-0.16666666666666666
307,0.0002572879893705249,True,-0.16666666666666666
308,0.00010337994899600744,True,-0.16666666666666666
309,0.00028111005667597055,True,-0.16666666666666666
310,8.186395280063152e-05,True,0.0
311,0.0001884540542960167,True,0.0
312,0.00011252297554165125,True,-0.16666666666666666
313,0.00034559203777462244,True,-0.16666666666666666
314,9.932892862707376e-05,True,0.3333333333333333
315,0.00014900299720466137,True,0.3333333333333333
316,0.00010413303971290588,True,-0.16666666666666666
317,0.00028101401403546333,True,-0.16666666666666666
318,0.00010152696631848812,True,-0.2
319,0.0002013810444623232,True,-0.2
320,9.8609016276896e-05,True,-0.16666666666666666
321,0.00026868097484111786,True,-0.16666666666666666
322,9.456905536353588e-05,True,-0.3333333333333333
323,0.00016497098840773106,True,-0.3333333333333333
324,9.979598689824343e-05,True,0.0
325,0.00016588694415986538,True,0.0
326,9.237509220838547e-05,True,0.3333333333333333
327,0.0001334500266239047,True,0.3333333333333333
328,8.579099085181952e-05,True,-0.3333333333333333
329,0.00016805308405309916,True,-0.3333333333333333
330,0.00010370905511081219,True,0.0
331,0.00018029497005045414,True,0.0
332,0.00011916295625269413,True,-0.25
333,0.00019262894056737423,True,-0.25
334,0.00010823900811374187,True,0.6666666666666666
335,0.0001887190155684948,True,0.6666666666666666
336,0.00010822294279932976,True,-0.3333333333333333
337,0.00023605604656040668,True,-0.3333333333333333
338,8.986995089799166e-05,True,-0.5
339,0.00024241406936198473,True,-0.5
340,0.00011295103468000889,True,-0.16666666666666666
341,0.00023527303710579872,True,-0.16666666666666666
342,9.16880089789629e-05,True,-0.3333333333333333
343,0.0001213649520650506,True,-0.3333333333333333
344,0.00010080495849251747,True,0.0
345,0.00022276700474321842,True,0.0
346,8.537399116903543e-05,True,0.0
347,0.00013040099292993546,True,0.0
348,0.00011391693260520697,True,-0.3333333333333333
349,0.00023061898536980152,True,-0.3333333333333333
350,9.833392687141895e-05,True,-0.3333333333333333
351,0.00022036989685148,True,-0.3333333333333333
352,9.740795940160751e-05,True,-0.5
353,9.436800610274076e-05,True,-0.5
354,9.821401908993721e-05,True,-0.16666666666666666
355,0.0002885239664465189,True,-0.16666666666666666
356,0.00010480091441422701,True,0.0
357,0.00022733199875801802,True,0.0
358,9.141105692833662e-05,True,0.0
359,7.889000698924065e-05,True,0.0
360,9.48859378695488e-05,True,0.0
361,0.00016379100270569324,True,0.0
362,8.519296534359455e-05,True,-0.5
363,9.370001498609781e-05,True,-0.5
364,0.00010486808605492115,True,-0.5
365,0.0002751119900494814,True,-0.5
366,8.622801396995783e-05,True,-0.5
367,9.437010157853365e-05,True,-0.5
368,9.641400538384914e-05,True,-0.5
369,0.00024751201272010803,True,-0.5
370,0.00010096700862050056,True,-0.2
371,0.0002811590675264597,True,-0.2
372,9.853194933384657e-05,True,-0.3333333333333333
373,0.0002220680471509695,True,-0.3333333333333333
374,0.00010545598343014717,True,-0.5
375,9.072106331586838e-05,True,-0.5
376,0.0001004199730232358,True,-0.25
377,0.00019917800091207027,True,-0.25
378,9.930797386914492e-05,True,0.0
379,0.000307028996758163,True,0.0
380,9.154598228633404e-05,True,-0.5
381,8.895294740796089e-05,True,-0.5
382,9.332702029496431e-05,True,-0.3333333333333333
383,0.0002586999908089638,True,-0.3333333333333333
384,0.00010636006481945515,True,-0.4
385,0.00023900403175503016,True,-0.4
386,9.155902080237865e-05,True,-0.3333333333333333
387,0.00014836399350315332,True,-0.3333333333333333
388,9.882310405373573e-05,True,0.0
389,0.0001303190365433693,True,0.0
390,0.00011960905976593494,True,0.6666666666666666
391,0.00017724500503391027,True,0.6666666666666666
392,0.00011585699394345284,True,0.3333333333333333
393,0.00016119098290801048,True,0.3333333333333333
394,0.00011921499390155077,True,0.0
395,0.0002908860333263874,True,0.0
396,0.00010822992771863937,True,-0.2
397,0.00028345093596726656,True,-0.2
398,0.00011072400957345963,True,0.3333333333333333
399,0.00015887198969721794,True,0.3333333333333333
400,0.0001032029977068305,True,0.0
401,0.0001271440414711833,True,0.0
402,0.00014550297055393457,True,0.3333333333333333
403,0.00016351602971553802,True,0.3333333333333333
404,0.00011805491521954536,True,0.0
405,0.00018725800327956676,True,0.0
406,0.00010065699461847544,True,-0.16666666666666666
407,0.0002689559478312731,True,-0.16666666666666666
408,0.00016931898426264524,True,0.0
409,0.00025739590637385845,True,0.0
410,0.000100770965218544,True,-0.16666666666666666
411,0.00029667594935745,True,-0.16666666666666666
412,0.00010082393418997526,True,-0.5
413,0.00010558194480836391,True,-0.5
414,0.00011566805187612772,True,0.3333333333333333
415,0.0001853179419413209,True,0.3333333333333333
416,0.00011014204937964678,True,0.3333333333333333
417,0.00016349204815924168,True,0.3333333333333333
418,0.00010011997073888779,True,-0.3333333333333333
419,0.00022447796072810888,True,-0.3333333333333333
420,9.90330008789897e-05,True,0.3333333333333333
421,0.00014601193834096193,True,0.3333333333333333
422,0.00011811498552560806,True,-0.16666666666666666
423,0.00025224697310477495,True,-0.16666666666666666
424,0.00010535097680985928,True,-0.5
425,0.0002568269846960902,True,-0.5
426,9.245891124010086e-05,True,-0.5
427,0.00021079694852232933,True,-0.5
428,0.00010750698857009411,True,0.3333333333333333
429,0.00016199599485844374,True,0.3333333333333333
430,0.00010363291949033737,True,-0.5
431,0.00031882908660918474,True,-0.5
432,0.00011459493543952703,True,0.0
433,0.00026468001306056976,True,0.0
434,0.000100292032584548,True,0.3333333333333333
435,0.0001830219989642501,True,0.3333333333333333
436,0.00010067597031593323,True,0.3333333333333333
437,0.0001600210089236498,True,0.3333333333333333
438,0.00010142999235540628,True,0.6666666666666666
439,0.00019219599198549986,True,0.6666666666666666
440,0.00011430296581238508,True,-0.2
441,0.00022101099602878094,True,-0.2
442,0.00013011693954467773,True,0.0
443,0.0002628930378705263,True,0.0
444,0.00011040305253118277,True,-0.4
445,0.00022649404127150774,True,-0.4
446,0.0001084629911929369,True,-0.4
447,0.00022480811458081007,True,-0.4
448,9.985198266804218e-05,True,-0.3333333333333333
449,0.0002412149915471673,True,-0.3333333333333333
450,0.00010570790618658066,True,-0.2
451,0.0002498640678822994,True,-0.2
452,9.641493670642376e-05,True,-0.4
453,0.00020302704069763422,True,-0.4
454,0.00011304498184472322,True,-0.2
455,0.00025416293647140265,True,-0.2
456,9.988399688154459e-05,True,0.0
457,0.00014225102495402098,True,0.0
458,0.00010767392814159393,True,0.0
459,0.00015975499991327524,True,0.0
460,0.00010560802184045315,True,-0.2
461,0.00020254799164831638,True,-0.2
462,0.00010525493416935205,True,-0.5
463,0.00010484701488167048,True,-0.5
464,9.894301183521748e-05,True,-0.5
465,0.0002598579740151763,True,-0.5
466,0.00011269794777035713,True,0.0
467,0.00024181802291423082,True,0.0
468,0.00011424999684095383,True,-0.16666666666666666
469,0.00029985897708684206,True,-0.16666666666666666
470,0.00010970898438245058,True,0.0
471,0.00014787493273615837,True,0.0
472,0.00012123200576752424,True,-0.3333333333333333
473,0.0002732769353315234,True,-0.3333333333333333
474,9.689200669527054e-05,True,-0.6666666666666666
475,8.146895561367273e-05,True,-0.6666666666666666
476,0.00010291894432157278,True,0.0
477,0.00016689591575413942,True,0.0
478,0.00010398693848401308,True,0.3333333333333333
479,0.00013875402510166168,True,0.3333333333333333
480,9.86920204013586e-05,True,0.0
481,0.00014350400306284428,True,0.0
482,0.00011793593876063824,True,-0.3333333333333333
483,0.0003037028945982456,True,-0.3333333333333333
484,0.00018533202819526196,True,-0.16666666666666666
485,0.0002522700233384967,True,-0.16666666666666666
486,0.0001099809305742383,True,-0.3333333333333333
487,0.0001684919698163867,True,-0.3333333333333333
488,0.00011599005665630102,True,0.3333333333333333
489,0.0001642969436943531,True,0.3333333333333333
490,0.00010081299114972353,True,-0.5
491,0.00011641706805676222,True,-0.5
492,0.0001047399127855897,True,-0.5
493,0.00010562792886048555,True,-0.5
494,0.00012854707892984152,True,0.6666666666666666
495,0.00016761606093496084,True,0.6666666666666666
496,0.00011451099999248981,True,-0.16666666666666666
497,0.00028335105162113905,True,-0.16666666666666666
498,0.00012676604092121124,True,0.0
499,0.00026647199410945177,True,0.0
500,0.0001330770319327712,True,0.3333333333333333
501,0.00014676200225949287,True,0.3333333333333333
502,0.00012812099885195494,True,0.0
503,0.0002179119037464261,True,0.0
504,0.0001281030708923936,True,0.0
505,0.00021188706159591675,True,0.0
506,0.00012034503743052483,True,-0.4
507,0.00021700991783291101,True,-0.4
508,0.00011597189586609602,True,0.6666666666666666
509,0.00014731392730027437,True,0.6666666666666666
510,0.0001070280559360981,True,-0.3333333333333333
511,0.000318047939799726,True,-0.3333333333333333
512,0.00012224598322063684,True,-0.16666666666666666
513,0.00031009793747216463,True,-0.16666666666666666
514,0.00011463300324976444,True,-0.16666666666666666
515,0.00026369502302259207,True,-0.16666666666666666
516,0.00011914107017219067,True,0.6666666666666666
517,0.00017267593648284674,True,0.6666666666666666
518,0.00013532303273677826,True,0.0
519,0.00028973398730158806,True,0.0
520,0.00011721090413630009,True,0.0
521,0.0002826990094035864,True,0.0
522,0.0001190720358863473,True,-0.2
523,0.00025062402710318565,True,-0.2
524,0.00010127096902579069,True,-0.3333333333333333
525,0.00017038709484040737,True,-0.3333333333333333
526,0.00012550200335681438,True,0.0
527,0.00016704702284187078,True,0.0
528,0.00012343400157988071,True,-0.16666666666666666
529,0.0003270920133218169,True,-0.16666666666666666
530,0.00012206495739519596,True,0.3333333333333333
531,0.00017227395437657833,True,0.3333333333333333
532,0.00013009109534323215,True,-0.2
533,0.00023219198919832706,True,-0.2
534,0.00012341502588242292,True,-0.16666666666666666
535,0.00027532700914889574,True,-0.16666666666666666
536,0.00010605202987790108,True,-0.3333333333333333
537,0.0002475109649822116,True,-0.3333333333333333
538,9.504798799753189e-05,True,-0.6666666666666666
539,0.00013313605450093746,True,-0.6666666666666666
540,0.00010375306010246277,True,-0.5
541,0.00011858390644192696,True,-0.5
542,0.00011452299077063799,True,0.6666666666666666
543,0.0001783550251275301,True,0.6666666666666666
544,0.00012337695807218552,True,-0.2
545,0.0002500650007277727,True,-0.2
546,9.116996079683304e-05,True,-0.6666666666666666
547,0.00023326498921960592,True,-0.6666666666666666
548,9.919505100697279e-05,True,-0.2
549,0.0002625429769977927,True,-0.2
550,0.00011777307372540236,True,-0.2
551,0.0002898949896916747,True,-0.2
552,0.00012936897110193968,True,-0.16666666666666666
553,0.0003248059656471014,True,-0.16666666666666666
554,0.00012521399185061455,True,0.3333333333333333
555,0.00012486299965530634,True,0.3333333333333333
556,0.0001270649954676628,True,-0.4
557,0.0002500570844858885,True,-0.4
558,0.00012619607150554657,True,0.3333333333333333
559,0.00017181795556098223,True,0.3333333333333333
560,0.0001231150235980749,True,-0.16666666666666666
561,0.00030518905259668827,True,-0.16666666666666666
562,0.00012160802725702524,True,0.3333333333333333
563,0.00016254407819360495,True,0.3333333333333333
564,0.00012797594536095858,True,-0.25
565,0.00021031999494880438,True,-0.25
566,0.00011614395771175623,True,-0.2
567,0.0002423370024189353,True,-0.2
568,0.00012051803059875965,True,-0.16666666666666666
569,0.00024435995146632195,True,-0.16666666666666666
570,0.0001086769625544548,True,-0.3333333333333333
571,0.00029075704514980316,True,-0.3333333333333333
572,0.0001374739222228527,True,-0.16666666666666666
573,0.0002868409501388669,True,-0.16666666666666666
574,0.00010773097164928913,True,-0.3333333333333333
575,0.0002692330162972212,True,-0.3333333333333333
576,0.00012598605826497078,True,-0.2
577,0.0002579739084467292,True,-0.2
578,0.00011120096314698458,True,-0.4
579,0.00028253195341676474,True,-0.4
580,0.00012897304259240627,True,-0.16666666666666666
581,0.0002671650145202875,True,-0.16666666666666666
582,0.00010799791198223829,True,-0.6
583,0.0002468409948050976,True,-0.6
584,0.0001324779586866498,True,-0.16666666666666666
585,0.00034453393891453743,True,-0.16666666666666666
586,0.00012761098332703114,True,-0.16666666666666666
587,0.0003143500071018934,True,-0.16666666666666666
588,0.00011754105798900127,True,0.0
589,0.0001811030087992549,True,0.0
590,0.00012638303451240063,True,0.3333333333333333
591,0.00017011992167681456,True,0.3333333333333333
592,0.00012378802057355642,True,-0.16666666666666666
593,0.00030348007567226887,True,-0.16666666666666666
594,0.00011764199007302523,True,0.6666666666666666
595,0.00016146397683769464,True,0.6666666666666666
596,0.00010286306496709585,True,-0.3333333333333333
597,0.00013934203889220953,True,-0.3333333333333333
598,0.00010685797315090895,True,0.0
599,0.00013364595361053944,True,0.0
600,0.00011324603110551834,True,0.3333333333333333
601,0.00013129902072250843,True,0.3333333333333333
602,0.0001082689268514514,True,0.3333333333333333
603,0.0001716769766062498,True,0.3333333333333333
604,0.00012465904001146555,True,-0.16666666666666666
605,0.00032173399813473225,True,-0.16666666666666666
606,0.00012717710342258215,True,-0.16666666666666666
607,0.0003489500377327204,True,-0.16666666666666666
608,0.00012460991274565458,True,-0.4
609,0.0003027389757335186,True,-0.4
610,0.00012905907351523638,True,-0.2
611,0.0002173059619963169,True,-0.2
612,0.000125202932395041,True,-0.3333333333333333
613,0.00027503492310643196,True,-0.3333333333333333
614,0.00012007704935967922,True,-0.16666666666666666
615,0.0003332890337333083,True,-0.16666666666666666
616,0.00014322600327432156,True,0.0
617,0.00025698705576360226,True,0.0
618,0.0002088099718093872,True,0.0
619,0.0002543559530749917,True,0.0
620,0.0001277149422094226,True,0.0
621,0.0002488578902557492,True,0.0
622,0.00012848805636167526,True,-0.16666666666666666
623,0.00028160889632999897,True,-0.16666666666666666
624,0.00011296395678073168,True,-0.5
625,0.00029610004276037216,True,-0.5
626,0.00012014899402856827,True,0.6666666666666666
627,0.00017229595687240362,True,0.6666666666666666
628,0.00012317497748881578,True,0.3333333333333333
629,0.00019583699759095907,True,0.3333333333333333
630,0.00011643802281469107,True,-0.3333333333333333
631,0.000313278054818511,True,-0.3333333333333333
632,0.00011673301924020052,True,0.3333333333333333
633,0.00016008398961275816,True,0.3333333333333333
634,0.000119604985229671,True,0.0
635,0.00023543904535472393,True,0.0
636,0.00011576595716178417,True,-0.2
637,0.0002502299612388015,True,-0.2
638,0.0001346709905192256,True,-0.3333333333333333
639,0.000314355012960732,True,-0.3333333333333333
640,0.000113133923150599,True,0.0
641,0.00015397393144667149,True,0.0
642,0.0001233760267496109,True,0.6666666666666666
643,0.00017922604456543922,True,0.6666666666666666
644,0.00011610903311520815,True,0.0
645,0.00014791893772780895,True,0.0
646,0.0001220980193465948,True,0.3333333333333333
647,0.0001389109529554844,True,0.3333333333333333
648,0.00012788898311555386,True,-0.16666666666666666
649,0.0002737799659371376,True,-0.16666666666666666
650,0.00010911503341048956,True,-0.6
651,0.0002751760184764862,True,-0.6
652,0.00012830900959670544,True,-0.16666666666666666
653,0.0002717070747166872,True,-0.16666666666666666
654,0.00011226395145058632,True,0.0
655,0.0001405499642714858,True,0.0
656,0.00012380804400891066,True,-0.4
657,0.0002725400263443589,True,-0.4
658,0.0001277569681406021,True,-0.3333333333333333
659,0.00030999595765024424,True,-0.3333333333333333
660,0.00012113689444959164,True,0.0
661,0.0001409670803695917,True,0.0
662,0.0001073699677363038,True,0.0
663,0.0001463070511817932,True,0.0
664,0.00010950397700071335,True,0.0
665,0.00013756402768194675,True,0.0
666,0.0001280750147998333,True,-0.2
667,0.00021178892347961664,True,-0.2
668,0.00012510502710938454,True,-0.3333333333333333
669,0.0002924519358202815,True,-0.3333333333333333
670,0.00010872003622353077,True,0.0
671,9.557302109897137e-05,True,0.0
672,0.00011819601058959961,True,-0.16666666666666666
673,0.0002560829743742943,True,-0.16666666666666666
674,0.00012100802268832922,True,-0.16666666666666666
675,0.00022148306015878916,True,-0.16666666666666666
676,0.00011370494030416012,True,0.0
677,0.0001359879970550537,True,0.0
678,0.00019889604300260544,True,-0.2
679,0.0002501819981262088,True,-0.2
680,0.00013257109094411135,True,0.0
681,0.00018924300093203783,True,0.0
682,0.0001269819913432002,True,0.0
683,0.0002019390230998397,True,0.0
684,0.00015233398880809546,True,-0.16666666666666666
685,0.00030948000494390726,True,-0.16666666666666666
686,0.00014955096412450075,True,-0.2
687,0.00030184490606188774,True,-0.2
688,0.00012957793660461903,True,-0.5
689,9.468710049986839e-05,True,-0.5
690,0.00013135198969393969,True,0.0
691,0.00019087805412709713,True,0.0
692,0.00012689095456153154,True,-0.4
693,0.00022880500182509422,True,-0.4
694,0.000143897021189332,True,0.6666666666666666
695,0.00016639695968478918,True,0.6666666666666666
696,0.00013258098624646664,True,-0.3333333333333333
697,0.00019043206702917814,True,-0.3333333333333333
698,0.00013993598986417055,True,0.3333333333333333
699,0.00017871393356472254,True,0.3333333333333333
700,0.00012958701699972153,True,-0.6666666666666666
701,0.00015338498633354902,True,-0.6666666666666666
702,0.00011279899626970291,True,-0.6666666666666666
703,0.00013904599472880363,True,-0.6666666666666666
704,0.00012041395530104637,True,-0.16666666666666666
705,0.00024782796390354633,True,-0.16666666666666666
706,0.0001329720253124833,True,0.0
707,0.0001976490020751953,True,0.0
708,0.00013317202683538198,True,0.0
709,0.00010068202391266823,True,0.0
710,0.0001248909393325448,True,-0.16666666666666666
711,0.00029148708563297987,True,-0.16666666666666666
712,0.00015415006782859564,True,0.0
713,0.00021564203780144453,True,0.0
714,0.00014942791312932968,True,-0.5
715,0.0001053450396284461,True,-0.5
716,0.00013819406740367413,True,0.6666666666666666
717,0.00017247896175831556,True,0.6666666666666666
718,0.0001405080547556281,True,-0.3333333333333333
719,0.0003058150177821517,True,-0.3333333333333333
720,0.0001258529955521226,True,0.3333333333333333
721,0.00018889398779720068,True,0.3333333333333333
722,0.0001324870390817523,True,-0.3333333333333333
723,0.00029403704684227705,True,-0.3333333333333333
724,0.00014631496742367744,True,-0.25
725,0.00027200800832360983,True,-0.25
726,0.0001420800108462572,True,0.3333333333333333
727,0.0001881709322333336,True,0.3333333333333333
728,0.00013289297930896282,True,0.3333333333333333
729,0.00013504200614988804,True,0.3333333333333333
730,0.000141244032420218,True,-0.5
731,0.0002040660474449396,True,-0.5
732,0.00012646696995943785,True,-0.2
733,0.00022845796775072813,True,-0.2
734,0.00011586595792323351,True,-0.3333333333333333
735,0.0002500939881429076,True,-0.3333333333333333
736,0.000147180981002748,True,0.6666666666666666
737,0.0001634990330785513,True,0.6666666666666666
738,0.00011437700595706701,True,0.0
739,0.00015050498768687248,True,0.0
740,0.00011386501137167215,True,0.0
741,0.00018387800082564354,True,0.0
742,0.00012080499436706305,True,-0.3333333333333333
743,0.0002786379773169756,True,-0.3333333333333333
744,0.0001280270516872406,True,0.6666666666666666
745,0.00017023400869220495,True,0.6666666666666666
746,0.00012906594201922417,True,0.3333333333333333
747,0.00014982104767113924,True,0.3333333333333333
748,0.00012596510350704193,True,-0.2
749,0.0002562430454418063,True,-0.2
750,0.00012948305811733007,True,0.0
751,0.0002927629975602031,True,0.0
752,0.0001389270182698965,True,-0.16666666666666666
753,0.0002937900135293603,True,-0.16666666666666666
754,0.00012785510625690222,True,-0.16666666666666666
755,0.00024841504637151957,True,-0.16666666666666666
756,0.0001201400300487876,True,-0.5
757,8.575792890042067e-05,True,-0.5
758,0.00013570592273026705,True,0.0
759,0.00029512401670217514,True,0.0
760,0.0001344609772786498,True,-0.16666666666666666
761,0.00029650505166500807,True,-0.16666666666666666
762,0.00012677605263888836,True,-0.2
763,0.00020820798818022013,True,-0.2
764,0.00012144399806857109,True,-0.3333333333333333
765,0.00023916910868138075,True,-0.3333333333333333
766,0.00010819104500114918,True,-0.6666666666666666
767,0.00011974398512393236,True,-0.6666666666666666
768,0.00011869403533637524,True,0.0
769,0.00010864890646189451,True,0.0
770,0.0001273290254175663,True,-0.3333333333333333
771,0.00026190304197371006,True,-0.3333333333333333
772,0.00013858696911484003,True,-0.16666666666666666
773,0.00029918504878878593,True,-0.16666666666666666
774,0.00013756100088357925,True,-0.25
775,0.0002506269374862313,True,-0.25
776,0.0001412000274285674,True,-0.2
777,0.00027188006788492203,True,-0.2
778,0.00011811591684818268,True,-0.6666666666666666
779,0.0001262039877474308,True,-0.6666666666666666
780,0.0001396859297528863,True,0.0
781,0.00015269196592271328,True,0.0
782,0.000144834048114717,True,0.6666666666666666
783,0.00019254395738244057,True,0.6666666666666666
784,0.00015275401528924704,True,0.0
785,7.278798148036003e-05,True,0.0
786,0.00014231004752218723,True,0.0
787,0.00025343906600028276,True,0.0
788,0.00012510106898844242,True,-0.3333333333333333
789,0.00010569894220679998,True,-0.3333333333333333
790,0.00013676297385245562,True,0.3333333333333333
791,0.00019049295224249363,True,0.3333333333333333
792,0.00014103902503848076,True,0.6666666666666666
793,0.00017646898049861193,True,0.6666666666666666
794,0.00011526094749569893,True,0.0
795,0.0001494280295446515,True,0.0
796,0.00013619102537631989,True,-0.5
797,9.929900988936424e-05,True,-0.5
798,0.00012572691775858402,True,0.6666666666666666
799,0.0001633089268580079,True,0.6666666666666666
800,0.0001274850219488144,True,0.0
801,9.141303598880768e-05,True,0.0
802,0.00013394304551184177,True,0.3333333333333333
803,0.0001410340191796422,True,0.3333333333333333
804,0.0001205329317599535,True,-0.3333333333333333
805,0.00016126804985105991,True,-0.3333333333333333
806,0.00011140899732708931,True,-0.6666666666666666
807,0.00016471196431666613,True,-0.6666666666666666
808,0.00012780202087014914,True,0.3333333333333333
809,0.00016313593368977308,True,0.3333333333333333
810,0.0001251519424840808,True,0.3333333333333333
811,0.00015207496471703053,True,0.3333333333333333
812,0.00012957898434251547,True,0.0
813,0.00012076902203261852,True,0.0
814,0.00011866202112287283,True,-0.5
815,8.151901420205832e-05,True,-0.5
816,0.00012797396630048752,True,0.0
817,0.00022217596415430307,True,0.0
818,0.00012279395014047623,True,-0.16666666666666666
819,0.00027408997993916273,True,-0.16666666666666666
820,0.00012594799045473337,True,-0.16666666666666666
821,0.0001930260332301259,True,-0.16666666666666666
822,0.00012375495862215757,True,-0.5
823,8.491799235343933e-05,True,-0.5
824,0.0001362260663881898,True,0.3333333333333333
825,0.00014897005166858435,True,0.3333333333333333
826,0.00011932000052183867,True,0.0
827,0.00015061697922647,True,0.0
828,0.00012000708375126123,True,-0.6
829,0.00023565092124044895,True,-0.6
830,0.00011362996883690357,True,0.0
831,0.00010262301657348871,True,0.0
832,0.000131112989038229,True,0.0
833,0.00027965905610471964,True,0.0
834,0.00013541593216359615,True,0.0
835,0.00018173200078308582,True,0.0
836,0.00014125299639999866,True,0.0
837,0.00023979204706847668,True,0.0
838,0.0001360359601676464,True,0.0
839,0.00023445207625627518,True,0.0
840,0.00012947898358106613,True,-0.2
841,0.0002825020346790552,True,-0.2
842,0.00011214101687073708,True,-0.6666666666666666
843,0.00016551697626709938,True,-0.6666666666666666
844,0.00013233302161097527,True,-0.16666666666666666
845,0.00023650703951716423,True,-0.16666666666666666
846,0.0001459979685023427,True,0.0
847,0.0001675060484558344,True,0.0
848,0.0002704480430111289,True,-0.2
849,0.00043233996257185936,True,-0.2
850,0.00016338005661964417,True,0.6666666666666666
851,0.00017955794464796782,True,0.6666666666666666
852,0.00013437098823487759,True,-0.3333333333333333
853,0.00012395507656037807,True,-0.3333333333333333
854,0.00013934692833572626,True,0.3333333333333333
855,0.00017444498371332884,True,0.3333333333333333
856,0.00013871793635189533,True,-0.5
857,0.00010587088763713837,True,-0.5
858,0.00012505706399679184,True,-0.3333333333333333
859,0.00022816797718405724,True,-0.3333333333333333
860,0.00014427094720304012,True,-0.16666666666666666
861,0.0003125839866697788,True,-0.16666666666666666
862,0.00013838091399520636,True,0.3333333333333333
863,0.0001657379325479269,True,0.3333333333333333
864,0.00012923998292535543,True,-0.2
865,0.00017583498265594244,True,-0.2
866,0.00012442993465811014,True,0.0
867,0.00017089303582906723,True,0.0
868,0.0001535210758447647,True,-0.3333333333333333
869,0.0005707389209419489,True,-0.3333333333333333
870,0.00026985304430127144,True,-0.3333333333333333
871,0.0003213559975847602,True,-0.3333333333333333
872,0.00014890707097947598,True,0.6666666666666666
873,0.00019146292470395565,True,0.6666666666666666
874,0.00015758199151605368,True,-0.3333333333333333
875,0.0002797110937535763,True,-0.3333333333333333
876,0.00014853395987302065,True,0.3333333333333333
877,0.00018318905495107174,True,0.3333333333333333
878,0.00013893400318920612,True,-0.5
879,0.00010390498209744692,True,-0.5
880,0.0001389330718666315,True,0.0
881,0.0001227579778060317,True,0.0
882,0.00014342204667627811,True,-0.5
883,0.0002824199618771672,True,-0.5
884,0.00015361502300947905,True,-0.2
885,0.00026531703770160675,True,-0.2
886,0.00012563297059386969,True,-0.6666666666666666
887,0.00013956089969724417,True,-0.6666666666666666
888,0.0001521349186077714,True,0.6666666666666666
889,0.00017971009947359562,True,0.6666666666666666
890,0.0001355219865217805,True,-0.5
891,0.00010706402827054262,True,-0.5
892,0.00014307803940027952,True,0.0
893,0.0001620840048417449,True,0.0
894,0.00015272991731762886,True,0.0
895,0.0002472439082339406,True,0.0
896,0.0001375339925289154,True,0.0
897,0.00015020905993878841,True,0.0
898,0.00014109304174780846,True,0.0
899,0.00017441005911678076,True,0.0
900,0.00012907106429338455,True,-0.3333333333333333
901,0.00014500005636364222,True,-0.3333333333333333
902,0.0001316559500992298,True,-0.3333333333333333
903,0.00014694896526634693,True,-0.3333333333333333
904,0.00014205696061253548,True,0.0
905,0.0001873290166258812,True,0.0
906,0.00014905689749866724,True,-0.16666666666666666
907,0.0002718638861551881,True,-0.16666666666666666
908,0.0001500940416008234,True,0.6666666666666666
909,0.00012378301471471786,True,0.6666666666666666
910,0.00015013106167316437,True,0.6666666666666666
911,0.00017377897165715694,True,0.6666666666666666
912,0.00015252502635121346,True,0.0
913,0.0002670340472832322,True,0.0
914,0.00013706402387470007,True,-0.6
915,0.00024318601936101913,True,-0.6
916,0.00014873803593218327,True,0.6666666666666666
917,0.00015445495955646038,True,0.6666666666666666
918,0.00014708901289850473,True,0.6666666666666666
919,0.0001716890837997198,True,0.6666666666666666
920,0.00014025205746293068,True,-0.16666666666666666
921,0.0002909880131483078,True,-0.16666666666666666
922,0.00011796609032899141,True,0.3333333333333333
923,0.00014642404858022928,True,0.3333333333333333
924,0.00015057099517434835,True,0.0
925,0.0002640760503709316,True,0.0
926,0.00014451099559664726,True,0.0
927,0.0001544589176774025,True,0.0
928,0.00014205696061253548,True,0.3333333333333333
929,0.00018890202045440674,True,0.3333333333333333
930,0.0001403481001034379,True,0.0
931,0.00017253996338695288,True,0.0
932,0.0001269530039280653,True,-0.4
933,0.00024912506341934204,True,-0.4
934,0.00013457599561661482,True,-0.3333333333333333
935,0.00011046789586544037,True,-0.3333333333333333
936,0.00014052796177566051,True,0.3333333333333333
937,0.00014905910938978195,True,0.3333333333333333
938,0.00013284198939800262,True,-0.16666666666666666
939,0.00022783700842410326,True,-0.16666666666666666
940,0.00013189506717026234,True,0.6666666666666666
941,0.00017497199587523937,True,0.6666666666666666
942,0.00012980704195797443,True,-0.16666666666666666
943,0.00024238205514848232,True,-0.16666666666666666
944,0.0001289199572056532,True,-0.6666666666666666
945,0.0003013849491253495,True,-0.6666666666666666
946,0.00013228401076048613,True,0.0
947,0.00013917009346187115,True,0.0
948,0.00014399108476936817,True,0.0
949,0.00015733903273940086,True,0.0
950,0.0001413270365446806,True,0.6666666666666666
951,0.0001650999765843153,True,0.6666666666666666
952,0.00013359403237700462,True,0.6666666666666666
953,0.00015912402886897326,True,0.6666666666666666
954,0.00015603099018335342,True,0.3333333333333333
955,0.0001675899839028716,True,0.3333333333333333
956,0.00015659199561923742,True,0.3333333333333333
957,0.00016358797438442707,True,0.3333333333333333
958,0.00014583405572921038,True,0.0
959,0.0001108760479837656,True,0.0
960,0.00012693600729107857,True,-0.6666666666666666
961,0.00015225692186504602,True,-0.6666666666666666
962,0.0001593329943716526,True,0.6666666666666666
963,0.00016524398233741522,True,0.6666666666666666
964,0.00015423295553773642,True,0.0
965,0.00013286795001477003,True,0.0
966,0.0001644620206207037,True,0.6666666666666666
967,0.00017451902385801077,True,0.6666666666666666
968,0.00014368596021085978,True,-0.5
969,0.0001005600206553936,True,-0.5
970,0.00014071597252041101,True,-0.5
971,0.00010901002679020166,True,-0.5
972,0.00014478596858680248,True,-0.5
973,9.776500519365072e-05,True,-0.5
974,0.00015075691044330597,True,0.3333333333333333
975,0.00016130099538713694,True,0.3333333333333333
976,0.00015307206194847822,True,0.0
977,0.00012583599891513586,True,0.0
978,0.00015784904826432467,True,0.3333333333333333
979,0.00019140401855111122,True,0.3333333333333333
980,0.00014382402878254652,True,-0.3333333333333333
981,0.00017108104657381773,True,-0.3333333333333333
982,0.0001430580159649253,True,0.3333333333333333
983,0.0001985509879887104,True,0.3333333333333333
984,0.0001756040146574378,True,0.6666666666666666
985,0.00019562290981411934,True,0.6666666666666666
986,0.00015258300118148327,True,0.0
987,0.00015797896776348352,True,0.0
988,0.00014574301894754171,True,0.0
989,0.00018036493565887213,True,0.0
990,0.00014449493028223515,True,0.0
991,0.00016457191668450832,True,0.0
992,0.0001234110677614808,True,-0.5
993,0.00010691292118281126,True,-0.5
994,0.00015511189121752977,True,0.6666666666666666
995,0.0001921269576996565,True,0.6666666666666666
996,0.00014185102190822363,True,0.0
997,0.0001422329805791378,True,0.0
998,0.00012672506272792816,True,-0.6666666666666666
999,0.0001463999506086111,True,-0.6666666666666666
1000,0.00015710201114416122,True,-0.5
1001,8.867401629686356e-05,True,-0.5
1002,0.0001450120471417904,True,-0.25
1003,0.00037142401561141014,True,-0.25
1004,0.0001643860014155507,True,0.25
1005,0.00027448299806565046,True,0.25
1006,0.0001766149653121829,True,0.2222222222222222
1007,0.0005251389229670167,True,0.2222222222222222
1008,0.00017638097051531076,True,1.0
1009,0.0002674070419743657,True,1.0
1010,0.00017427804414182901,True,0.0
1011,0.000430669984780252,True,0.0
1012,0.00021382200066000223,True,0.1
1013,0.00041796104051172733,True,0.1
1014,0.00019546598196029663,True,0.125
1015,0.00042817299254238605,True,0.125
1016,0.00017203495372086763,True,-0.75
1017,0.00038062199018895626,True,-0.75
1018,0.0002584209432825446,True,0.125
1019,0.000408660969696939,True,0.125
1020,0.0001837870804592967,True,0.125
1021,0.0003624910023063421,True,0.125
1022,0.00023690599482506514,True,0.0
1023,0.0004483950324356556,True,0.0
1024,0.00021624204237014055,True,0.25
1025,0.00024469499476253986,True,0.25
1026,0.0002092299982905388,True,0.25
1027,0.00024115305859595537,True,0.25
1028,0.00021870306227356195,True,0.2222222222222222
1029,0.00045552104711532593,True,0.2222222222222222
1030,0.0002567910123616457,True,0.625
1031,0.0004169750027358532,True,0.625
1032,0.00023319199681282043,True,0.2
1033,0.0002754270099103451,True,0.2
1034,0.00024201697669923306,True,0.0
1035,0.00040802196599543095,True,0.0
1036,0.00026103598065674305,True,0.16666666666666666
1037,0.0003914930857717991,True,0.16666666666666666
1038,0.0002460299292579293,True,-0.7777777777777778
1039,0.0005952570354565978,True,-0.7777777777777778
1040,0.00030461500864475965,True,0.625
1041,0.0004161900142207742,True,0.625
1042,0.0002835480263456702,True,0.625
1043,0.0005228039808571339,True,0.625
1044,0.00028878403827548027,True,0.2222222222222222
1045,0.0004931009607389569,True,0.2222222222222222
1046,0.0002709010150283575,True,0.4444444444444444
1047,0.00044820597395300865,True,0.4444444444444444
1048,0.00027083593886345625,True,0.25
1049,0.00021449103951454163,True,0.25
1050,0.0003202110528945923,True,0.625
1051,0.0005662520416080952,True,0.625
1052,0.00026631797663867474,True,0.0
1053,0.0005026999861001968,True,0.0
1054,0.00028197409119457006,True,0.25
1055,0.0002799510257318616,True,0.25
1056,0.0003041389863938093,True,1.0
1057,0.000267538009211421,True,1.0
1058,0.00031346199102699757,True,-0.2222222222222222
1059,0.0005039479583501816,True,-0.2222222222222222
1060,0.00029802497010678053,True,0.0
1061,0.0006004900205880404,True,0.0
1062,0.00035001698415726423,True,1.5
1063,0.000295444973744452,True,1.5
1064,0.000372305978089571,True,0.375
1065,0.0005977218970656395,True,0.375
1066,0.0002892180345952511,True,-0.1111111111111111
1067,0.00046951998956501484,True,-0.1111111111111111
1068,0.00030922400765120983,True,0.25
1069,0.00024303002282977104,True,0.25
1070,0.00028813094832003117,True,-0.2222222222222222
1071,0.0005324769299477339,True,-0.2222222222222222
1072,0.00028501602355390787,True,1.25
1073,0.00024878804106265306,True,1.25
1074,0.0003234989708289504,True,0.18181818181818182
1075,0.0005365150282159448,True,0.18181818181818182
1076,0.00026787491515278816,True,-0.5
1077,0.00010198599193245173,True,-0.5
1078,0.00035407196264714,True,0.625
1079,0.00036095594987273216,True,0.625
1080,0.0003389919875189662,True,0.625
1081,0.00045264093205332756,True,0.625
1082,0.0003430919023230672,True,0.625
1083,0.00043701601680368185,True,0.625
1084,0.0003174960147589445,True,0.5
1085,0.0004445660160854459,True,0.5
1086,0.0003519660094752908,True,2.25
1087,0.00028446305077522993,True,2.25
1088,0.0003086499636992812,True,0.2
1089,0.0004737749695777893,True,0.2
1090,0.0002980750286951661,True,0.4
1091,0.0002812939928844571,True,0.4
1092,0.0003345540026202798,True,2.25
1093,0.00025550602003932,True,2.25
1094,0.0003307641018182039,True,2.25
1095,0.00024501304142177105,True,2.25
1096,0.00032390595879405737,True,0.4444444444444444
1097,0.0003610049607232213,True,0.4444444444444444
1098,0.0003146649105474353,True,1.0
1099,0.00021734891925007105,True,1.0
1100,0.00036652409471571445,True,0.625
1101,0.0003706450806930661,True,0.625
1102,0.00035327498335391283,True,0.625
1103,0.0002956009702757001,True,0.625
1104,0.0003313500201329589,True,0.375
1105,0.0004092539893463254,True,0.375
1106,0.0003398139961063862,True,1.0
1107,0.00027897104155272245,True,1.0
1108,0.0003011160297319293,True,0.25
1109,0.00021575100254267454,True,0.25
1110,0.00037457491271197796,True,0.0
1111,0.00042735994793474674,True,0.0
1112,0.00035937398206442595,True,0.3
1113,0.0005561859579756856,True,0.3
1114,0.00034311506897211075,True,0.2
1115,0.00027782097458839417,True,0.2
1116,0.00034046696964651346,True,0.0
1117,0.0001377859152853489,True,0.0
1118,0.0003416290273889899,True,0.1111111111111111
1119,0.0004351589595898986,True,0.1111111111111111
1120,0.00035737291909754276,True,0.2
1121,0.0005169149953871965,True,0.2
1122,0.0003755920333787799,True,0.1111111111111111
1123,0.0002981070429086685,True,0.1111111111111111
1124,0.000350894988514483,True,-0.375
1125,0.0003964100033044815,True,-0.375
1126,0.0003779890248551965,True,1.0
1127,0.0002932809293270111,True,1.0
1128,0.0003473899560049176,True,0.0
1129,0.00047795602586120367,True,0.0
1130,0.00038382504135370255,True,0.4444444444444444
1131,0.0002475810470059514,True,0.4444444444444444
1132,0.00040790997445583344,True,2.25
1133,0.00027884996961802244,True,2.25
1134,0.0003272340400144458,True,0.25
1135,0.00023718993179500103,True,0.25
1136,0.00036708894185721874,True,1.25
1137,0.00024283910170197487,True,1.25
1138,0.0003923670155927539,True,2.25
1139,0.0002804179675877094,True,2.25
1140,0.00042710790876299143,True,0.0
1141,0.0005103590665385127,True,0.0
1142,0.0004315240075811744,True,0.7142857142857143
1143,0.0004343850305303931,True,0.7142857142857143
1144,0.0006830069469287992,True,1.25
1145,0.0002711400156840682,True,1.25
1146,0.00046395999379456043,True,1.25
1147,0.00029075390193611383,True,1.25
1148,0.0004018970066681504,True,0.1111111111111111
1149,0.00047926302067935467,True,0.1111111111111111
1150,0.0006442919839173555,True,1.0
1151,0.0002744511002674699,True,1.0
1152,0.0004297759151086211,True,0.75
1153,0.0002534569939598441,True,0.75
1154,0.0004316329723224044,True,0.42857142857142855
1155,0.00040116498712450266,True,0.42857142857142855
1156,0.00039235001895576715,True,0.25
1157,0.0004485199460759759,True,0.25
1158,0.0004574849735945463,True,0.0
1159,0.00057786307297647,True,0.0
1160,0.0004347540671005845,True,0.8
1161,0.00032944499980658293,True,0.8
1162,0.00040141097269952297,True,-0.4444444444444444
1163,0.0003998680040240288,True,-0.4444444444444444
1164,0.0004007299430668354,True,0.2
1165,0.00028655596543103456,True,0.2
1166,0.0004080540966242552,True,1.25
1167,0.0002263460773974657,True,1.25
1168,0.0004163439152762294,True,0.375
1169,0.00037102203350514174,True,0.375
1170,0.0007846950320526958,True,0.0
1171,0.0005193020915612578,True,0.0
1172,0.0004350630333647132,True,1.2
1173,0.00024829304311424494,True,1.2
1174,0.00042677298188209534,True,0.2
1175,0.0004447890678420663,True,0.2
1176,0.0005066849989816546,True,2.25
1177,0.0002585150068625808,True,2.25
1178,0.0004481370560824871,True,0.18181818181818182
1179,0.0006934680277481675,True,0.18181818181818182
1180,0.00053234095685184,True,0.16666666666666666
1181,0.00033525098115205765,True,0.16666666666666666
1182,0.00045458204112946987,True,1.0
1183,0.0002502620918676257,True,1.0
1184,0.00044477195478975773,True,1.0
1185,0.00035406206734478474,True,1.0
1186,0.0004420230397954583,True,0.3
1187,0.0005047139711678028,True,0.3
1188,0.00046859600115567446,True,0.7142857142857143
1189,0.0002924259752035141,True,0.7142857142857143
1190,0.0004453930305317044,True,0.2222222222222222
1191,0.0005031570326536894,True,0.2222222222222222
1192,0.0005057670641690493,True,-0.1111111111111111
1193,0.00047766894567757845,True,-0.1111111111111111
1194,0.00046153494622558355,True,0.4444444444444444
1195,0.0005176170961931348,True,0.4444444444444444
1196,0.00042914203368127346,True,0.25
1197,0.0002425769343972206,True,0.25
1198,0.000484068994410336,True,0.8333333333333334
1199,0.0003329799510538578,True,0.8333333333333334
1200,0.0004979339428246021,True,0.1
1201,0.0005606829654425383,True,0.1
1202,0.0004686840111389756,True,0.6
1203,0.0002959449775516987,True,0.6
1204,0.0005052760243415833,True,0.0
1205,0.00047224503941833973,True,0.0
1206,0.0004444520454853773,True,0.125
1207,0.0004336379934102297,True,0.125
1208,0.0004654600052163005,True,0.4
1209,0.0003106669755652547,True,0.4
1210,0.0005252260016277432,True,1.0
1211,0.00018285296391695738,True,1.0
1212,0.0004667410394176841,True,1.0
1213,0.0002453200286254287,True,1.0
1214,0.0005263600032776594,True,-0.1111111111111111
1215,0.0004599579842761159,True,-0.1111111111111111
1216,0.00046108593232929707,True,0.8
1217,0.00026925792917609215,True,0.8
1218,0.0005083060823380947,True,0.25
1219,0.0004955439362674952,True,0.25
1220,0.0004963260143995285,True,0.0
1221,0.0002809240249916911,True,0.0
1222,0.0005738589679822326,True,1.0
1223,0.0002671170514076948,True,1.0
1224,0.0006471830420196056,True,0.0
1225,0.0004888329422101378,True,0.0
1226,0.0004790669772773981,True,0.0
1227,0.0005276770098134875,True,0.0
1228,0.0005890229949727654,True,0.25
1229,0.0002458780072629452,True,0.25
1230,0.0004983710823580623,True,1.25
1231,0.0003831259673461318,True,1.25
1232,0.0005249750101938844,True,0.0
1233,0.00045701395720243454,True,0.0
1234,0.0004970890004187822,True,0.0
1235,0.00024237693287432194,True,0.0
1236,0.0005430399905890226,True,0.42857142857142855
1237,0.00031748798210173845,True,0.42857142857142855
1238,0.0005963220028206706,True,1.0
1239,0.0003766639856621623,True,1.0
1240,0.0005266630323603749,True,0.75
1241,0.00021500105503946543,True,0.75
1242,0.0005069350590929389,True,-0.125
1243,0.00042317190673202276,True,-0.125
1244,0.00061926303897053,True,0.2
1245,0.0005392200546339154,True,0.2
1246,0.0006278409855440259,True,0.4444444444444444
1247,0.00045691593550145626,True,0.4444444444444444
1248,0.0004939880454912782,True,0.6
1249,0.00020812801085412502,True,0.6
1250,0.0005571199581027031,True,2.25
1251,0.0002760789357125759,True,2.25
1252,0.0005348110571503639,True,0.25
1253,0.00022258993703871965,True,0.25
1254,0.0005480990512296557,True,0.3
1255,0.00043107906822115183,True,0.3
1256,0.0005319210467860103,True,0.14285714285714285
1257,0.00037058594170957804,True,0.14285714285714285
1258,0.000580466934479773,True,0.2
1259,0.0004253409570083022,True,0.2
1260,0.000561336986720562,True,1.25
1261,0.0002685229992493987,True,1.25
1262,0.0005259470781311393,True,0.75
1263,0.00024001696147024632,True,0.75
1264,0.0005521170096471906,True,0.4444444444444444
1265,0.0004600340034812689,True,0.4444444444444444
1266,0.0005400209920480847,True,0.75
1267,0.00021548394579440355,True,0.75
1268,0.0005580780562013388,True,0.75
1269,0.00026407395489513874,True,0.75
1270,0.0006044449983164668,True,1.1666666666666667
1271,0.00034507003147155046,True,1.1666666666666667
1272,0.0005620429292321205,True,0.0
1273,0.0005109200719743967,True,0.0
1274,0.0005733480211347342,True,0.6
1275,0.0003162119537591934,True,0.6
1276,0.0005523259751498699,True,1.0
1277,0.0002752040745690465,True,1.0
1278,0.0005312630673870444,True,0.3
1279,0.0005579779390245676,True,0.3
1280,0.0005872120382264256,True,1.25
1281,0.0002637989819049835,True,1.25
1282,0.0005828059511259198,True,0.16666666666666666
1283,0.00034280004911124706,True,0.16666666666666666
1284,0.0005897340597584844,True,-0.1
1285,0.00043146603275090456,True,-0.1
1286,0.000607823021709919,True,0.25
1287,0.0004283599555492401,True,0.25
1288,0.0006407389882951975,True,0.0
1289,0.00018541805911809206,True,0.0
1290,0.0005953520303592086,True,0.25
1291,0.00035134097561240196,True,0.25
1292,0.0005837850039824843,True,0.8333333333333334
1293,0.0002865310525521636,True,0.8333333333333334
1294,0.0006245749536901712,True,0.3333333333333333
1295,0.00040997902397066355,True,0.3333333333333333
1296,0.0007227890891954303,True,0.16666666666666666
1297,0.00032656104303896427,True,0.16666666666666666
1298,0.0006889529759064317,True,0.5
1299,0.000487696030177176,True,0.5
1300,0.0007079399656504393,True,1.0
1301,0.00029379106126725674,True,1.0
1302,0.0006964330095797777,True,1.25
1303,0.00034295895602554083,True,1.25
1304,0.0007370990933850408,True,0.18181818181818182
1305,0.0005660910392180085,True,0.18181818181818182
1306,0.0006868060445412993,True,0.4
1307,0.00035486696287989616,True,0.4
1308,0.0006511419778689742,True,0.6
1309,0.000287442933768034,True,0.6
1310,0.0007540429942309856,True,0.1111111111111111
1311,0.0005160300061106682,True,0.1111111111111111
1312,0.0007148939184844494,True,0.0
1313,0.00033646298106759787,True,0.0
1314,0.0006399530684575438,True,0.2
1315,0.0005578990094363689,True,0.2
1316,0.00073023303411901,True,0.08333333333333333
1317,0.0005484529538080096,True,0.08333333333333333
1318,0.0006759531097486615,True,2.0
1319,0.0002573300153017044,True,2.0
1320,0.0006337329978123307,True,0.1111111111111111
1321,0.0006382750580087304,True,0.1111111111111111
1322,0.0005663110641762614,True,1.2
1323,0.000319698010571301,True,1.2
1324,0.0006267729913815856,True,1.25
1325,0.0002396650379523635,True,1.25
1326,0.0006517570000141859,True,0.2
1327,0.00027610501274466515,True,0.2
1328,0.0006301960675045848,True,1.0
1329,0.00022213393822312355,True,1.0
1330,0.0006469240179285407,True,-0.1
1331,0.0004555800696834922,True,-0.1
1332,0.0006980010075494647,True,0.3333333333333333
1333,0.00016292405780404806,True,0.3333333333333333
1334,0.0007452770369127393,True,0.0
1335,0.00039522501174360514,True,0.0
1336,0.0007580399978905916,True,0.2857142857142857
1337,0.0003725480055436492,True,0.2857142857142857
1338,0.0006539609748870134,True,-0.09090909090909091
1339,0.0005546730244532228,True,-0.09090909090909091
1340,0.0006991910049691796,True,0.8571428571428571
1341,0.0004572139587253332,True,0.8571428571428571
1342,0.0007213950157165527,True,0.4444444444444444
1343,0.0004196988884359598,True,0.4444444444444444
1344,0.0006922869943082333,True,0.1111111111111111
1345,0.00047883891966193914,True,0.1111111111111111
1346,0.0007129929726943374,True,1.0
1347,0.0002891969634220004,True,1.0
1348,0.0006862460868433118,True,0.6666666666666666
1349,0.00017130200285464525,True,0.6666666666666666
1350,0.0007480200147256255,True,2.25
1351,0.00026818900369107723,True,2.25
1352,0.0007611119654029608,True,1.25
1353,0.00030657299794256687,True,1.25
1354,0.000792221981100738,True,0.25
1355,0.0004602170083671808,True,0.25
1356,0.0007547499844804406,True,0.4
1357,0.0002092780778184533,True,0.4
1358,0.0007737790001556277,True,1.5
1359,0.00024994194973260164,True,1.5
1360,0.0008759329793974757,True,0.0
1361,0.00035968900192528963,True,0.0
1362,0.0007966600824147463,True,-0.5
1363,0.00011802802328020334,True,-0.5
1364,0.0008786349790170789,True,0.625
1365,0.00046065705828368664,True,0.625
1366,0.0007658590329810977,True,2.25
1367,0.00025885109789669514,True,2.25
1368,0.0008199639851227403,True,0.2
1369,0.0003396100364625454,True,0.2
1370,0.0007887519896030426,True,0.25
1371,0.0004524090327322483,True,0.25
1372,0.0007774230325594544,True,-0.09090909090909091
1373,0.0006541599286720157,True,-0.09090909090909091
1374,0.0007827780209481716,True,0.8
1375,0.0003399190027266741,True,0.8
1376,0.0007617860101163387,True,0.2222222222222222
1377,0.00046000094152987003,True,0.2222222222222222
1378,0.00081655103713274,True,-0.625
1379,0.00031534803565591574,True,-0.625
1380,0.0008062149863690138,True,0.7142857142857143
1381,0.00037476804573088884,True,0.7142857142857143
1382,0.00084456498734653,True,0.1111111111111111
1383,0.0004674310330301523,True,0.1111111111111111
1384,0.0007661930285394192,True,0.3333333333333333
1385,0.0005039480747655034,True,0.3333333333333333
1386,0.0008196149719879031,True,0.8
1387,0.00027909595519304276,True,0.8
1388,0.0007781140739098191,True,0.3333333333333333
1389,0.00048682093620300293,True,0.3333333333333333
1390,0.0008938369574025273,True,0.5
1391,0.00033927394542843103,True,0.5
1392,0.0007965400582179427,True,0.3333333333333333
1393,0.00013826705981045961,True,0.3333333333333333
1394,0.0007609659805893898,True,0.3333333333333333
1395,0.0005496839294210076,True,0.3333333333333333
1396,0.0007567369611933827,True,0.5
1397,0.00022909510880708694,True,0.5
1398,0.0007610670290887356,True,0.8
1399,0.00033645599614828825,True,0.8
1400,0.0007766139460727572,True,0.5
1401,0.0005177359562367201,True,0.5
1402,0.0008565610041841865,True,2.0
1403,0.000239592045545578,True,2.0
1404,0.0007673269137740135,True,0.2222222222222222
1405,0.0004936730256304145,True,0.2222222222222222
1406,0.0009205099195241928,True,0.1
1407,0.00045295991003513336,True,0.1
1408,0.0007943909149616957,True,0.0
1409,0.00042259390465915203,True,0.0
1410,0.0007711549988016486,True,0.5
1411,0.00037241599056869745,True,0.5
1412,0.0008751960704103112,True,1.0
1413,0.00028525001835078,True,1.0
1414,0.0008043890120461583,True,0.3333333333333333
1415,0.0004572799662128091,True,0.3333333333333333
1416,0.0008208840154111385,True,0.25
1417,0.0003877519629895687,True,0.25
1418,0.0008583830203860998,True,0.4
1419,0.000402693054638803,True,0.4
1420,0.0010230359621345997,True,0.5
1421,0.00027741899248212576,True,0.5
1422,0.0009505619527772069,True,0.8333333333333334
1423,0.0003424509195610881,True,0.8333333333333334
1424,0.0009189429692924023,True,0.2
1425,0.0005119470879435539,True,0.2
1426,0.0008548710029572248,True,0.4444444444444444
1427,0.000565333990380168,True,0.4444444444444444
1428,0.0008257089648395777,True,1.0
1429,0.00025259400717914104,True,1.0
1430,0.0008980310522019863,True,0.8571428571428571
1431,0.0004525430267676711,True,0.8571428571428571
1432,0.0008210940286517143,True,0.4444444444444444
1433,0.00048789801076054573,True,0.4444444444444444
1434,0.0008998219855129719,True,0.25
1435,0.00040650705341249704,True,0.25
1436,0.0008288820972666144,True,-0.16666666666666666
1437,0.0003343570278957486,True,-0.16666666666666666
1438,0.0008794090244919062,True,2.0
1439,0.00025999394711107016,True,2.0
1440,0.0008764660451561213,True,1.0
1441,0.0002700249897316098,True,1.0
1442,0.0008621859597042203,True,0.1111111111111111
1443,0.0004312120145186782,True,0.1111111111111111
1444,0.0008112160721793771,True,0.625
1445,0.00038520898669958115,True,0.625
1446,0.0008570109494030476,True,1.0
1447,0.00019079691264778376,True,1.0
1448,0.0008455669740214944,True,-0.3
1449,0.0004712119698524475,True,-0.3
1450,0.0008595760446041822,True,0.2222222222222222
1451,0.0005248870002105832,True,0.2222222222222222
1452,0.0008061729604378343,True,0.6
1453,0.0002930699847638607,True,0.6
1454,0.0009232769953086972,True,-0.1
1455,0.0006291500758379698,True,-0.1
1456,0.0009069319348782301,True,1.1666666666666667
1457,0.0003657930064946413,True,1.1666666666666667
1458,0.0008997750701382756,True,0.8571428571428571
1459,0.0003824919695034623,True,0.8571428571428571
1460,0.0008368340786546469,True,1.1666666666666667
1461,0.00034632300958037376,True,1.1666666666666667
1462,0.0008709370158612728,True,0.8
1463,0.00028163997922092676,True,0.8
1464,0.0009489490184932947,True,0.0
1465,0.00011123006697744131,True,0.0
1466,0.0009282069513574243,True,1.0
1467,0.0004481370560824871,True,1.0
1468,0.0008087570313364267,True,-0.14285714285714285
1469,0.000360943959094584,True,-0.14285714285714285
1470,0.0009116099681705236,True,1.75
1471,0.00027114804834127426,True,1.75
1472,0.0008797249756753445,True,0.0
1473,0.0006119109457358718,True,0.0
1474,0.0010110690491274,True,1.25
1475,0.0003111159894615412,True,1.25
1476,0.0009935100097209215,True,0.4
1477,0.0003232209710404277,True,0.4
1478,0.0009412569925189018,True,1.0
1479,0.0003037260612472892,True,1.0
1480,0.0010336700361222029,True,0.2
1481,0.0005509790498763323,True,0.2
1482,0.0009633190929889679,True,0.0
1483,0.00039250694680958986,True,0.0
1484,0.0009191259741783142,True,1.0
1485,0.0003585319500416517,True,1.0
1486,0.0009638490155339241,True,0.0
1487,0.0005964000010862947,True,0.0
1488,0.000865599955432117,True,0.3333333333333333
1489,0.00044098496437072754,True,0.3333333333333333
1490,0.0010337989078834653,True,0.16666666666666666
1491,0.0003686179406940937,True,0.16666666666666666
1492,0.0008723540231585503,True,0.6
1493,0.00030356296338140965,True,0.6
1494,0.0009030780056491494,True,1.6
1495,0.0002965449821203947,True,1.6
1496,0.001019934075884521,True,0.7142857142857143
1497,0.0003302539698779583,True,0.7142857142857143
1498,0.000974124064669013,True,0.75
1499,0.00022995006293058395,True,0.75
1500,0.0010323119349777699,True,0.3333333333333333
1501,0.0004555800696834922,True,0.3333333333333333
1502,0.001005888101644814,True,0.18181818181818182
1503,0.0005397680215537548,True,0.18181818181818182
1504,0.000966783962212503,True,1.1666666666666667
1505,0.00025551195722073317,True,1.1666666666666667
1506,0.0009553199633955956,True,0.42857142857142855
1507,0.0003766869194805622,True,0.42857142857142855
1508,0.0009122960036620498,True,-0.25
1509,0.0001875240122899413,True,-0.25
1510,0.0009188429685309529,True,0.3333333333333333
1511,0.0004865069640800357,True,0.3333333333333333
1512,0.0010561490198597312,True,0.625
1513,0.0004962639650329947,True,0.625
1514,0.0010364230256527662,True,0.18181818181818182
1515,0.0005847769789397717,True,0.18181818181818182
1516,0.0010524110402911901,True,0.1
1517,0.0004505780525505543,True,0.1
1518,0.0010550369042903185,True,0.2222222222222222
1519,0.00047445204108953476,True,0.2222222222222222
1520,0.0009616920724511147,True,0.375
1521,0.0004233920481055975,True,0.375
1522,0.001132276956923306,True,0.6
1523,0.00030308100394904613,True,0.6
1524,0.0009981540497392416,True,0.2
1525,0.0002894490025937557,True,0.2
1526,0.0010555649641901255,True,-0.75
1527,0.00042795599438250065,True,-0.75
1528,0.0010891970014199615,True,0.5
1529,0.0004561200039461255,True,0.5
1530,0.001055058091878891,True,0.3333333333333333
1531,0.00048707507085055113,True,0.3333333333333333
1532,0.0011329209664836526,True,0.2222222222222222
1533,0.0004702609730884433,True,0.2222222222222222
1534,0.0009849240304902196,True,0.3333333333333333
1535,0.00017705000936985016,True,0.3333333333333333
1536,0.000940222991630435,True,0.0
1537,0.0004043609369546175,True,0.0
1538,0.0009577329037711024,True,0.1
1539,0.00048644293565303087,True,0.1
1540,0.000996281043626368,True,0.625
1541,0.00044108100701123476,True,0.625
1542,0.0009762430563569069,True,0.6
1543,0.00035404704976826906,True,0.6
1544,0.0009130520047619939,True,0.75
1545,0.0002431089524179697,True,0.75
1546,0.0011232119286432862,True,0.6
1547,0.00032382505014538765,True,0.6
1548,0.001000870019197464,True,2.25
1549,0.00024773203767836094,True,2.25
1550,0.0011640050215646625,True,0.125
1551,0.0003967899829149246,True,0.125
1552,0.0010243100114166737,True,2.0
1553,0.00022185000125318766,True,2.0
1554,0.0010536269983276725,True,0.3
1555,0.000559962005354464,True,0.3
1556,0.0009543719934299588,True,0.0
1557,0.0003092900151386857,True,0.0
1558,0.0010155700147151947,True,0.1111111111111111
1559,0.0004758629947900772,True,0.1111111111111111
1560,0.000941338948905468,True,0.1111111111111111
1561,0.0004985019331797957,True,0.1111111111111111
1562,0.0010358570143580437,True,0.5
1563,0.0004497150657698512,True,0.5
1564,0.0010695969685912132,True,-0.25
1565,0.00021353899501264095,True,-0.25
1566,0.0010459070326760411,True,0.4444444444444444
1567,0.0005244140047580004,True,0.4444444444444444
1568,0.0016885038930922747,True,-0.4
1569,0.000572283985093236,True,-0.4
1570,0.001147767063230276,True,0.75
1571,0.0002419420052319765,True,0.75
1572,0.001214334974065423,True,0.4444444444444444
1573,0.0005101119168102741,True,0.4444444444444444
1574,0.001219375990331173,True,0.1
1575,0.0006032029632478952,True,0.1
1576,0.0011441720416769385,True,2.0
1577,0.0002833439502865076,True,2.0
1578,0.0011433250037953258,True,0.8571428571428571
1579,0.0003855710383504629,True,0.8571428571428571
1580,0.0011815979378297925,True,0.2
1581,0.0005842740647494793,True,0.2
1582,0.0011253450065851212,True,0.4
1583,0.0003822590224444866,True,0.4
1584,0.0010790060041472316,True,0.0
1585,0.0003708360018208623,True,0.0
1586,0.0010844049975275993,True,1.0
1587,0.0003286119317635894,True,1.0
1588,0.0011638619471341372,True,0.8
1589,0.0003144679358229041,True,0.8
1590,0.0010915320599451661,True,0.6666666666666666
1591,0.000170490937307477,True,0.6666666666666666
1592,0.0010831389809027314,True,0.14285714285714285
1593,0.000325749977491796,True,0.14285714285714285
1594,0.001038011978380382,True,0.25
1595,0.00025878800079226494,True,0.25
1596,0.0010816350113600492,True,0.3333333333333333
1597,0.0005113329971209168,True,0.3333333333333333
1598,0.0009587609674781561,True,0.4
1599,0.0002883570268750191,True,0.4
1600,0.0011416469933465123,True,-0.3333333333333333
1601,0.0001582619734108448,True,-0.3333333333333333
1602,0.001202265964820981,True,0.4444444444444444
1603,0.0005285079823806882,True,0.4444444444444444
1604,0.0012233000015839934,True,0.125
1605,0.0004234779626131058,True,0.125
1606,0.001047612982802093,True,0.6666666666666666
1607,0.00015630898997187614,True,0.6666666666666666
1608,0.0012007280020043254,True,0.25
1609,0.00025286199524998665,True,0.25
1610,0.0010712849907577038,True,2.25
1611,0.0003427379997447133,True,2.25
1612,0.001548853935673833,True,0.6666666666666666
1613,0.00017432996537536383,True,0.6666666666666666
1614,0.0012165849329903722,True,-0.14285714285714285
1615,0.00026588491164147854,True,-0.14285714285714285
1616,0.0012610160047188401,True,0.8571428571428571
1617,0.00045762001536786556,True,0.8571428571428571
1618,0.0012065399205312133,True,0.0
1619,0.0004535530460998416,True,0.0
1620,0.0011014239862561226,True,0.625
1621,0.0004268710035830736,True,0.625
1622,0.001173687051050365,True,0.5
1623,0.00029035902116447687,True,0.5
1624,0.0011848140275105834,True,1.0
1625,0.0002759919734671712,True,1.0
1626,0.0011221700115129352,True,0.1111111111111111
1627,0.00043891603127121925,True,0.1111111111111111
1628,0.0010871069971472025,True,0.75
1629,0.00023964501451700926,True,0.75
1630,0.0011079360265284777,True,0.6
1631,0.00023965199943631887,True,0.6
1632,0.0011385350953787565,True,-0.25
1633,0.00040626898407936096,True,-0.25
1634,0.0011148190824314952,True,0.25
1635,0.00023004005197435617,True,0.25
1636,0.0010833929991349578,True,-0.4
1637,0.00018805696163326502,True,-0.4
1638,0.0011740190675482154,True,0.0
1639,0.0002871820470318198,True,0.0
1640,0.0011663070181384683,True,1.0
1641,0.00028480496257543564,True,1.0
1642,0.001261312048882246,True,0.2
1643,0.00031418493017554283,True,0.2
1644,0.0011912690242752433,True,1.0
1645,0.00027745997067540884,True,1.0
1646,0.0011400330113247037,True,0.18181818181818182
1647,0.00047009706031531096,True,0.18181818181818182
1648,0.0012144679203629494,True,0.3333333333333333
1649,0.0005531089846044779,True,0.3333333333333333
1650,0.0014060860266909003,True,0.625
1651,0.00043961196206510067,True,0.625
1652,0.0014532019849866629,True,1.6
1653,0.0003905409248545766,True,1.6
1654,0.0014521318953484297,True,-0.125
1655,0.0003067780053243041,True,-0.125
1656,0.0012980119790881872,True,0.1111111111111111
1657,0.00041849794797599316,True,0.1111111111111111
1658,0.001087266020476818,True,-0.2222222222222222
1659,0.000514702987857163,True,-0.2222222222222222
1660,0.0013056210009381175,True,1.25
1661,0.00029100500978529453,True,1.25
1662,0.0011570280184969306,True,0.0
1663,0.00024314993061125278,True,0.0
1664,0.001270265900529921,True,0.42857142857142855
1665,0.0004138990771025419,True,0.42857142857142855
1666,0.0011957499664276838,True,0.6666666666666666
1667,0.00013009295798838139,True,0.6666666666666666
1668,0.0014510350301861763,True,0.25
1669,0.0002701360499486327,True,0.25
1670,0.0012581939809024334,True,-0.125
1671,0.0004460200434550643,True,-0.125
1672,0.0011359159834682941,True,0.6666666666666666
1673,0.0003353229258209467,True,0.6666666666666666
1674,0.001296989037655294,True,0.3333333333333333
1675,0.0004905419191345572,True,0.3333333333333333
1676,0.0011253290576860309,True,1.5
1677,0.0002915679942816496,True,1.5
1678,0.0011131559731438756,True,0.5714285714285714
1679,0.00037904398050159216,True,0.5714285714285714
1680,0.001195583026856184,True,0.0
1681,0.0004869629628956318,True,0.0
1682,0.0012581630144268274,True,1.0
1683,0.00026470108423382044,True,1.0
1684,0.0012873070081695914,True,2.0
1685,0.00026809400878846645,True,2.0
1686,0.001343440031632781,True,0.125
1687,0.0005534500814974308,True,0.125
1688,0.0013474549632519484,True,0.42857142857142855
1689,0.00043525092769414186,True,0.42857142857142855
1690,0.0013852230040356517,True,0.2
1691,0.0003112150589004159,True,0.2
1692,0.001404259935952723,True,1.25
1693,0.00026163796428591013,True,1.25
1694,0.0013883929932489991,True,0.18181818181818182
1695,0.0005946740275248885,True,0.18181818181818182
1696,0.00128985196352005,True,0.1
1697,0.0005935720400884748,True,0.1
1698,0.0013714759843423963,True,0.3333333333333333
1699,0.00017362600192427635,True,0.3333333333333333
1700,0.0023116449592635036,True,1.5
1701,0.0003545969957485795,True,1.5
1702,0.001383977010846138,True,0.2857142857142857
1703,0.0004335299599915743,True,0.2857142857142857
1704,0.0011884570121765137,True,0.375
1705,0.0004124520346522331,True,0.375
1706,0.0012467820197343826,True,0.4444444444444444
1707,0.00047008891124278307,True,0.4444444444444444
1708,0.001273329951800406,True,2.0
1709,0.0002189829247072339,True,2.0
1710,0.0013606789289042354,True,0.4444444444444444
1711,0.0005302559584379196,True,0.4444444444444444
1712,0.0011831809533759952,True,0.2
1713,0.0002536280080676079,True,0.2
1714,0.0011292690178379416,True,1.2
1715,0.00030878803227096796,True,1.2
1716,0.001214480958878994,True,0.0
1717,0.00047362304758280516,True,0.0
1718,0.0011970089981332421,True,0.3
1719,0.0005203309701755643,True,0.3
1720,0.0012311789905652404,True,0.4
1721,0.0003781879786401987,True,0.4
1722,0.001342501025646925,True,0.42857142857142855
1723,0.00041742005851119757,True,0.42857142857142855
1724,0.0013708199840039015,True,0.2
1725,0.0006488489452749491,True,0.2
1726,0.0014274779241532087,True,0.6
1727,0.00027548300568014383,True,0.6
1728,0.0013300940627232194,True,0.09090909090909091
1729,0.0006199670024216175,True,0.09090909090909091
1730,0.0014062769478186965,True,0.1111111111111111
1731,0.00043679506052285433,True,0.1111111111111111
1732,0.0013341129524633288,True,0.25
1733,0.0002454550703987479,True,0.25
1734,0.0014181999722495675,True,1.5
1735,0.0003398630069568753,True,1.5
1736,0.0013609309680759907,True,0.3333333333333333
1737,0.0005278330063447356,True,0.3333333333333333
1738,0.0012948119547218084,True,0.0
1739,0.00047678197734057903,True,0.0
1740,0.001388532924465835,True,1.0
1741,0.00035905500408262014,True,1.0
1742,0.0013267069589346647,True,0.4444444444444444
1743,0.0004510220605880022,True,0.4444444444444444
1744,0.0012346069561317563,True,0.09090909090909091
1745,0.0004539400106295943,True,0.09090909090909091
1746,0.0013182429829612374,True,1.25
1747,0.00023235403932631016,True,1.25
1748,0.0012108020018786192,True,0.4444444444444444
1749,0.0005535819800570607,True,0.4444444444444444
1750,0.0012445050524547696,True,0.5
1751,0.0002443769481033087,True,0.5
1752,0.0013657200615853071,True,0.3333333333333333
1753,0.00046466593630611897,True,0.3333333333333333
1754,0.001371147925965488,True,1.0
1755,0.00022667809389531612,True,1.0
1756,0.0014871311141178012,True,0.4444444444444444
1757,0.0005041860276833177,True,0.4444444444444444
1758,0.0014365729875862598,True,0.4
1759,0.00027996604330837727,True,0.4
1760,0.0014521409757435322,True,0.5
1761,0.00022127002011984587,True,0.5
1762,0.0012442750157788396,True,0.4
1763,0.0002394209150224924,True,0.4
1764,0.0014542179415002465,True,-0.09090909090909091
1765,0.0005420950474217534,True,-0.09090909090909091
1766,0.0014268510276451707,True,0.8571428571428571
1767,0.00037839601282030344,True,0.8571428571428571
1768,0.0015002640429884195,True,0.125
1769,0.000464112963527441,True,0.125
1770,0.0014595319516956806,True,1.2
1771,0.0002858330262824893,True,1.2
1772,0.001289882929995656,True,0.16666666666666666
1773,0.0002729920670390129,True,0.16666666666666666
1774,0.0013377420837059617,True,0.375
1775,0.0004238799447193742,True,0.375
1776,0.0013597989454865456,True,2.0
1777,0.0002540240529924631,True,2.0
1778,0.0013456459855660796,True,0.3333333333333333
1779,0.00016941700596362352,True,0.3333333333333333
1780,0.0013817889848724008,True,0.0
1781,0.0004243550356477499,True,0.0
1782,0.0014907519798725843,True,0.4444444444444444
1783,0.0004231460625305772,True,0.4444444444444444
1784,0.001415926031768322,True,0.0
1785,0.0004403460770845413,True,0.0
1786,0.0014386139810085297,True,0.2
1787,0.0002826019190251827,True,0.2
1788,0.0014630340738222003,True,0.375
1789,0.0005205689230933785,True,0.375
1790,0.0013679120456799865,True,1.0
1791,0.00036405096761882305,True,1.0
1792,0.0015910009387880564,True,0.4444444444444444
1793,0.0005249279784038663,True,0.4444444444444444
1794,0.0014206389896571636,True,0.125
1795,0.0005874698981642723,True,0.125
1796,0.0015130649553611875,True,0.3333333333333333
1797,0.0004380509490147233,True,0.3333333333333333
1798,0.0014128099428489804,True,0.2222222222222222
1799,0.0005438969237729907,True,0.2222222222222222
1800,0.0014476529322564602,True,0.3
1801,0.0005341940559446812,True,0.3
1802,0.0013256900710985065,True,0.4444444444444444
1803,0.0004523108946159482,True,0.4444444444444444
1804,0.0014184850733727217,True,0.3
1805,0.0005022259429097176,True,0.3
1806,0.0013628869783133268,True,0.6
1807,0.0002823959803208709,True,0.6
1808,0.001506600994616747,True,0.3
1809,0.0005665679927915335,True,0.3
1810,0.0014235980343073606,True,2.25
1811,0.00025820708833634853,True,2.25
1812,0.0013731869403272867,True,1.1666666666666667
1813,0.0002674710704013705,True,1.1666666666666667
1814,0.0013733420055359602,True,0.0
1815,0.0004070129944011569,True,0.0
1816,0.0013649460161104798,True,0.2222222222222222
1817,0.0004566580755636096,True,0.2222222222222222
1818,0.0014888510340824723,True,-0.18181818181818182
1819,0.000559251056984067,True,-0.18181818181818182
1820,0.0014167159097269177,True,0.1111111111111111
1821,0.00041513098403811455,True,0.1111111111111111
1822,0.0015309390146285295,True,0.0
1823,0.0004783039912581444,True,0.0
1824,0.0015815349761396646,True,0.75
1825,0.00023038999643176794,True,0.75
1826,0.001490058028139174,True,-0.16666666666666666
1827,0.0006760589312762022,True,-0.16666666666666666
1828,0.0013563609682023525,True,2.0
1829,0.00026783300563693047,True,2.0
1830,0.0014906160067766905,True,0.0
1831,0.00043346802704036236,True,0.0
1832,0.0014544129371643066,True,1.25
1833,0.0003023879835382104,True,1.25
1834,0.0014466890133917332,True,0.3
1835,0.0005837540375068784,True,0.3
1836,0.0013006820809096098,True,1.25
1837,0.0002418819349259138,True,1.25
1838,0.0013779040891677141,True,1.25
1839,0.00027812295593321323,True,1.25
1840,0.0014665400376543403,True,2.0
1841,0.00023343798238784075,True,2.0
1842,0.0014746699016541243,True,0.1111111111111111
1843,0.00045392406173050404,True,0.1111111111111111
1844,0.0013700290583074093,True,0.08333333333333333
1845,0.0006093429401516914,True,0.08333333333333333
1846,0.0014099039835855365,True,0.625
1847,0.00045053602661937475,True,0.625
1848,0.0014401759253814816,True,0.2222222222222222
1849,0.00047643797006458044,True,0.2222222222222222
1850,0.0013928170083090663,True,1.0
1851,0.0002717480529099703,True,1.0
1852,0.0014128170441836119,True,0.2222222222222222
1853,0.00035042210947722197,True,0.2222222222222222
1854,0.0017469919985160232,True,1.1666666666666667
1855,0.00039887207094579935,True,1.1666666666666667
1856,0.0016181010287255049,True,0.8
1857,0.00030047795735299587,True,0.8
1858,0.0015931050293147564,True,0.625
1859,0.0004823310300707817,True,0.625
1860,0.0015667009865865111,True,-0.4444444444444444
1861,0.0004780970048159361,True,-0.4444444444444444
1862,0.0016901500057429075,True,1.75
1863,0.00025931396521627903,True,1.75
1864,0.001527864020317793,True,2.25
1865,0.00028604199178516865,True,2.25
1866,0.0014890319434925914,True,0.3333333333333333
1867,0.00019774597603827715,True,0.3333333333333333
1868,0.0015737119829282165,True,0.5714285714285714
1869,0.00035951705649495125,True,0.5714285714285714
1870,0.0014745680382475257,True,1.2
1871,0.00027111603412777185,True,1.2
1872,0.0016018579481169581,True,0.125
1873,0.0004988489672541618,True,0.125
1874,0.0014229998923838139,True,0.18181818181818182
1875,0.0005565020255744457,True,0.18181818181818182
1876,0.0014662110479548573,True,0.1111111111111111
1877,0.0004160280805081129,True,0.1111111111111111
1878,0.0015036769909784198,True,0.75
1879,0.0002247520023956895,True,0.75
1880,0.0014367580879479647,True,0.0
1881,0.000301870983093977,True,0.0
1882,0.0015889389906078577,True,2.25
1883,0.0002623569453135133,True,2.25
1884,0.001754267024807632,True,0.0
1885,0.00016933097504079342,True,0.0
1886,0.0017208619974553585,True,0.5
1887,0.0005021370016038418,True,0.5
1888,0.0021925829350948334,True,0.3333333333333333
1889,0.00021134805865585804,True,0.3333333333333333
1890,0.0016559340292587876,True,0.0
1891,0.0004761170130223036,True,0.0
1892,0.0015247740084305406,True,0.0
1893,0.00035068695433437824,True,0.0
1894,0.0021076429402455688,True,1.25
1895,0.00027627998497337103,True,1.25
1896,0.002314897021278739,True,0.25
1897,0.0007483550580218434,True,0.25
1898,0.001986177056096494,True,1.0
1899,0.0003921890165656805,True,1.0
1900,0.0027125850319862366,True,0.2222222222222222
1901,0.0007756589911878109,True,0.2222222222222222
1902,0.0019874830031767488,True,0.6
1903,0.0003588719991967082,True,0.6
1904,0.0016898280009627342,True,1.0
1905,0.00029736198484897614,True,1.0
1906,0.0014324500225484371,True,-0.375
1907,0.0004001749912276864,True,-0.375
1908,0.001470210961997509,True,0.0
1909,0.0004687670152634382,True,0.0
1910,0.001547871041111648,True,1.0
1911,0.00037297699600458145,True,1.0
1912,0.0016800250159576535,True,-0.2
1913,0.0009382530115544796,True,-0.2
1914,0.001755277975462377,True,0.4
1915,0.00026048789732158184,True,0.4
1916,0.0015703659737482667,True,-0.2222222222222222
1917,0.0005194329423829913,True,-0.2222222222222222
1918,0.0016953640151768923,True,0.0
1919,0.0005214059492573142,True,0.0
1920,0.001601223018951714,True,2.25
1921,0.00026962708216160536,True,2.25
1922,0.0016934419982135296,True,0.4
1923,0.0002570140641182661,True,0.4
1924,0.0015683600213378668,True,0.3333333333333333
1925,0.0004551720339804888,True,0.3333333333333333
1926,0.001487397006712854,True,0.2222222222222222
1927,0.0004804600030183792,True,0.2222222222222222
1928,0.0015752218896523118,True,0.1
1929,0.000519901979714632,True,0.1
1930,0.0016864340286701918,True,1.0
1931,0.00026211002841591835,True,1.0
1932,0.0015709250001236796,True,0.5
1933,0.00018560595344752073,True,0.5
1934,0.0015716389752924442,True,0.8
1935,0.00029679504223167896,True,0.8
1936,0.0015934060793370008,True,0.2222222222222222
1937,0.00047866301611065865,True,0.2222222222222222
1938,0.0016055830055847764,True,0.5
1939,0.00023830204736441374,True,0.5
1940,0.0016550790751352906,True,0.0
1941,0.0005243109771981835,True,0.0
1942,0.0017786480020731688,True,0.2222222222222222
1943,0.0005672889528796077,True,0.2222222222222222
1944,0.0016923380317166448,True,0.5
1945,0.00026736001018434763,True,0.5
1946,0.0016949590062722564,True,0.0
1947,0.00011849694419652224,True,0.0
1948,0.0016066209645941854,True,0.625
1949,0.0004074110183864832,True,0.625
1950,0.001741760061122477,True,0.0
1951,0.0004827009979635477,True,0.0
1952,0.0016226120060309768,True,0.14285714285714285
1953,0.0003890849184244871,True,0.14285714285714285
1954,0.0016330080106854439,True,1.0
1955,0.00033956195693463087,True,1.0
1956,0.001721695065498352,True,0.7142857142857143
1957,0.00042711407877504826,True,0.7142857142857143
1958,0.0017590720672160387,True,-0.2
1959,0.0005409350851550698,True,-0.2
1960,0.0015649269334971905,True,0.2
1961,0.0005833889590576291,True,0.2
1962,0.00150605000089854,True,0.42857142857142855
1963,0.000432761968113482,True,0.42857142857142855
1964,0.0017232380341738462,True,0.1
1965,0.0006126939551904798,True,0.1
1966,0.001735595054924488,True,1.4
1967,0.00030859699472784996,True,1.4
1968,0.0026514260098338127,True,0.5
1969,0.0005316149909049273,True,0.5
1970,0.0018235199386253953,True,0.6
1971,0.00034392892848700285,True,0.6
1972,0.0017448830185458064,True,0.0
1973,0.0005310650449246168,True,0.0
1974,0.0016863099299371243,True,0.25
1975,0.00043473904952406883,True,0.25
1976,0.0016379409935325384,True,0.25
1977,0.00023049197625368834,True,0.25
1978,0.0018066599732264876,True,0.125
1979,0.0004728509811684489,True,0.125
1980,0.0016322870505973697,True,0.3333333333333333
1981,0.0004469610285013914,True,0.3333333333333333
1982,0.0016246100421994925,True,0.2222222222222222
1983,0.0004593270132318139,True,0.2222222222222222
1984,0.0016421290347352624,True,1.25
1985,0.0002760180504992604,True,1.25
1986,0.0015723949763923883,True,-0.5
1987,7.64880096539855e-05,True,-0.5
1988,0.0017229189397767186,True,1.25
1989,0.00025077001191675663,True,1.25
1990,0.0016054180450737476,True,0.3333333333333333
1991,0.00018238893244415522,True,0.3333333333333333
1992,0.001566205988638103,True,0.3333333333333333
1993,0.0004971260204911232,True,0.3333333333333333
1994,0.00276283104903996,True,2.0
1995,0.0003147289389744401,True,2.0
1996,0.0018733509350568056,True,0.0
1997,0.00016877695452421904,True,0.0
1998,0.0016753310337662697,True,0.0
1999,0.0003146230010315776,True,0.0
2000,0.00167008803691715,True,0.0
2001,0.00019934296142309904,True,0.0
2002,0.0003151680575683713,True,-0.2
2003,0.00037044601049274206,True,-0.2
2004,0.0005097680259495974,True,0.7
2005,0.0008503040298819542,True,0.7
2006,0.0004796369466930628,True,1.4
2007,0.00037922803312540054,True,1.4
2008,0.0005637999856844544,True,-0.5
2009,0.0006069820374250412,True,-0.5
2010,0.0006111359689384699,True,0.4
2011,0.0010967750567942858,True,0.4
2012,0.0005716721061617136,True,1.1333333333333333
2013,0.0010589169105514884,True,1.1333333333333333
2014,0.0005984309827908874,True,0.5
2015,0.0007344849873334169,True,0.5
2016,0.000611032941378653,True,2.1
2017,0.0009404190350323915,True,2.1
2018,0.0005320400232449174,True,0.6
2019,0.0006830519996583462,True,0.6
2020,0.0006376550300046802,True,1.4
2021,0.00044201407581567764,True,1.4
2022,0.000577396946027875,True,-0.5714285714285714
2023,0.0009134589927271008,True,-0.5714285714285714
2024,0.0006143120117485523,True,0.8181818181818182
2025,0.0007381780305877328,True,0.8181818181818182
2026,0.0007041919743642211,True,5.6
2027,0.00042893108911812305,True,5.6
2028,0.0006081840256229043,True,0.4
2029,0.0005143609596416354,True,0.4
2030,0.0006814580410718918,True,1.4
2031,0.0003832409856840968,True,1.4
2032,0.0006803720025345683,True,1.4
2033,0.0007269310299307108,True,1.4
2034,0.0010212439810857177,True,0.4
2035,0.0003933879779651761,True,0.4
2036,0.0007882720092311502,True,2.2
2037,0.000691851950250566,True,2.2
2038,0.0008326710667461157,True,2.3
2039,0.0008330889977514744,True,2.3
2040,0.0007272280054166913,True,1.4
2041,0.0004639759426936507,True,1.4
2042,0.0007645300356671214,True,1.4
2043,0.0004299790598452091,True,1.4
2044,0.0007276290562003851,True,1.2
2045,0.0008553339866921306,True,1.2
2046,0.000666234060190618,True,0.4
2047,0.0003699790686368942,True,0.4
2048,0.0008815929759293795,True,1.0
2049,0.0006873559905216098,True,1.0
2050,0.0008745800005272031,True,1.5
2051,0.0006532639963552356,True,1.5
2052,0.0007580539677292109,True,0.5
2053,0.0008052549092099071,True,0.5
2054,0.0007873499998822808,True,0.4
2055,0.000316670979373157,True,0.4
2056,0.0007194289937615395,True,1.0
2057,0.0007174699567258358,True,1.0
2058,0.0007494499441236258,True,0.9
2059,0.0006345530273392797,True,0.9
2060,0.0008042789995670319,True,1.0
2061,0.0008012449834495783,True,1.0
2062,0.0008641239255666733,True,1.2307692307692308
2063,0.0009336080402135849,True,1.2307692307692308
2064,0.000805754098109901,True,0.3125
2065,0.001033821958117187,True,0.3125
2066,0.0007686530007049441,True,1.4
2067,0.0005161029985174537,True,1.4
2068,0.0007517620688304305,True,1.4
2069,0.0003953909035772085,True,1.4
2070,0.000769304926507175,True,0.2857142857142857
2071,0.0009785270085558295,True,0.2857142857142857
2072,0.0012433930533006787,True,1.0
2073,0.0014482849510386586,True,1.0
2074,0.0010611689649522305,True,2.3
2075,0.0008887300500646234,True,2.3
2076,0.0009653739398345351,True,5.6
2077,0.000516947009600699,True,5.6
2078,0.0009752560872584581,True,3.0
2079,0.0005156140541657805,True,3.0
2080,0.0009550059912726283,True,0.7
2081,0.0006044739857316017,True,0.7
2082,0.0008185700280591846,True,-0.08333333333333333
2083,0.0007780479500070214,True,-0.08333333333333333
2084,0.0011040660319849849,True,2.3
2085,0.0008752020075917244,True,2.3
2086,0.0009291039314121008,True,0.5
2087,0.0017188630299642682,True,0.5
2088,0.001029151026159525,True,0.4
2089,0.001280614989809692,True,0.4
2090,0.0008969990303739905,True,0.5714285714285714
2091,0.0014797860058024526,True,0.5714285714285714
2092,0.0013161079259589314,True,1.0
2093,0.0006725359708070755,True,1.0
2094,0.0010693370131775737,True,0.38095238095238093
2095,0.0012767440639436245,True,0.38095238095238093
2096,0.001091781072318554,True,0.5625
2097,0.0011439300142228603,True,0.5625
2098,0.0009234350873157382,True,3.0
2099,0.00046280992683023214,True,3.0
2100,0.0009406779427081347,True,1.3333333333333333
2101,0.0007198620587587357,True,1.3333333333333333
2102,0.0010381590109318495,True,1.6363636363636365
2103,0.0006806600140407681,True,1.6363636363636365
2104,0.0010620580287650228,True,0.3076923076923077
2105,0.0013994029723107815,True,0.3076923076923077
2106,0.0012824430596083403,True,1.0
2107,0.000977295101620257,True,1.0
2108,0.0011415599146857858,True,3.0
2109,0.0004432819550856948,True,3.0
2110,0.0010187169536948204,True,3.0
2111,0.00047275295946747065,True,3.0
2112,0.0011841329978778958,True,0.5
2113,0.0008827850688248873,True,0.5
2114,0.0009789670584723353,True,0.4
2115,0.00039483304135501385,True,0.4
2116,0.0010533849708735943,True,1.0
2117,0.0009979039896279573,True,1.0
2118,0.0011076780501753092,True,1.4
2119,0.00042354699689894915,True,1.4
2120,0.0011404909892007709,True,0.06666666666666667
2121,0.001027583028189838,True,0.06666666666666667
2122,0.0011497510131448507,True,0.13043478260869565
2123,0.0012021780712530017,True,0.13043478260869565
2124,0.0012693220051005483,True,0.6470588235294118
2125,0.0010029670083895326,True,0.6470588235294118
2126,0.0011161209549754858,True,3.0
2127,0.00040857400745153427,True,3.0
2128,0.001619230955839157,True,0.2
2129,0.0008419880177825689,True,0.2
2130,0.0010960570070892572,True,0.7142857142857143
2131,0.0010569230653345585,True,0.7142857142857143
2132,0.0011140640126541257,True,0.25
2133,0.00150478002615273,True,0.25
2134,0.0011172449449077249,True,0.21428571428571427
2135,0.0008827910060063004,True,0.21428571428571427
2136,0.001163147040642798,True,0.22727272727272727
2137,0.0014005909906700253,True,0.22727272727272727
2138,0.0013261169660836458,True,0.6111111111111112
2139,0.0011488310992717743,True,0.6111111111111112
2140,0.001324258977547288,True,0.3333333333333333
2141,0.001262021018192172,True,0.3333333333333333
2142,0.0011110949562862515,True,1.4
2143,0.00040636700578033924,True,1.4
2144,0.0011500070104375482,True,0.5
2145,0.0008605930488556623,True,0.5
2146,0.0011997309047728777,True,3.7142857142857144
2147,0.0006424998864531517,True,3.7142857142857144
2148,0.0012294369516894221,True,0.6
2149,0.0010158659424632788,True,0.6
2150,0.0014164639869704843,True,2.5555555555555554
2151,0.0006689260480925441,True,2.5555555555555554
2152,0.001105775940231979,True,0.0
2153,0.001026758924126625,True,0.0
2154,0.0012895779218524694,True,0.0
2155,0.0003712500911206007,True,0.0
2156,0.0012601360213011503,True,1.0
2157,0.0005325840320438147,True,1.0
2158,0.0013013589195907116,True,1.5384615384615385
2159,0.0008060990367084742,True,1.5384615384615385
2160,0.0013102390803396702,True,1.1111111111111112
2161,0.0006716499337926507,True,1.1111111111111112
2162,0.0013387530343607068,True,0.3333333333333333
2163,0.0004974920302629471,True,0.3333333333333333
2164,0.0012436870019882917,True,0.058823529411764705
2165,0.0013803400797769427,True,0.058823529411764705
2166,0.0013463570503517985,True,1.4
2167,0.0007232129573822021,True,1.4
2168,0.0019855289719998837,True,0.0
2169,0.0011051699984818697,True,0.0
2170,0.0014988729963079095,True,1.5
2171,0.0007439409382641315,True,1.5
2172,0.0014776369789615273,True,0.0
2173,0.0007737140404060483,True,0.0
2174,0.0013396990252658725,True,-0.2
2175,0.0003382579889148474,True,-0.2
2176,0.0014744109939783812,True,0.8
2177,0.0010621759574860334,True,0.8
2178,0.001448319060727954,True,0.4
2179,0.0002789099235087633,True,0.4
2180,0.0013716010143980384,True,1.1
2181,0.0006741730030626059,True,1.1
2182,0.0013520190259441733,True,0.6363636363636364
2183,0.000833720900118351,True,0.6363636363636364
2184,0.001346738077700138,True,1.4545454545454546
2185,0.0008443390252068639,True,1.4545454545454546
2186,0.0015997369773685932,True,0.5
2187,0.0008096849778667092,True,0.5
2188,0.0014418740756809711,True,1.0
2189,0.0008074890356510878,True,1.0
2190,0.0014927010051906109,True,2.3
2191,0.0008879060624167323,True,2.3
2192,0.0015261330408975482,True,-0.15789473684210525
2193,0.0012916999403387308,True,-0.15789473684210525
2194,0.0015066659543663263,True,0.5294117647058824
2195,0.0014036920620128512,True,0.5294117647058824
2196,0.0014109910698607564,True,1.2
2197,0.0006836390821263194,True,1.2
2198,0.0025159510551020503,True,0.8
2199,0.0009701799135655165,True,0.8
2200,0.0015783630078658462,True,1.0714285714285714
2201,0.0012122089974582195,True,1.0714285714285714
2202,0.001560801058076322,True,1.4
2203,0.0004946329863741994,True,1.4
2204,0.0015671630389988422,True,0.4
2205,0.0003855769755318761,True,0.4
2206,0.001679462962783873,True,1.4
2207,0.0003846270265057683,True,1.4
2208,0.0015987140359357,True,1.0625
2209,0.0011032680049538612,True,1.0625
2210,0.0016498490003868937,True,0.8235294117647058
2211,0.0010793550172820687,True,0.8235294117647058
2212,0.0016773650422692299,True,0.9285714285714286
2213,0.0010050159180536866,True,0.9285714285714286
2214,0.001420788001269102,True,0.4
2215,0.00034880393650382757,True,0.4
2216,0.0015205189120024443,True,3.125
2217,0.0006251720478758216,True,3.125
2218,0.001441186061128974,True,0.4
2219,0.0004551479360088706,True,0.4
2220,0.0017833170713856816,True,0.6875
2221,0.001048361067660153,True,0.6875
2222,0.0015485999174416065,True,1.4
2223,0.00040369201451539993,True,1.4
2224,0.0015194480074569583,True,1.3
2225,0.0006882990710437298,True,1.3
2226,0.0018014879897236824,True,0.5
2227,0.0006898499559611082,True,0.5
2228,0.0017347061075270176,True,0.25
2229,0.001164501067250967,True,0.25
2230,0.002070936025120318,True,0.4
2231,0.0003638990456238389,True,0.4
2232,0.001807580003514886,True,3.0
2233,0.00047377299051731825,True,3.0
2234,0.0016253041103482246,True,0.8181818181818182
2235,0.0010242729913443327,True,0.8181818181818182
2236,0.0016030980041250587,True,0.14285714285714285
2237,0.0004754579858854413,True,0.14285714285714285
2238,0.0015935390256345272,True,1.0
2239,0.000612944015301764,True,1.0
2240,0.001594312023371458,True,1.0
2241,0.0009439330315217376,True,1.0
2242,0.0017412359593436122,True,0.5
2243,0.0010945650283247232,True,0.5
2244,0.0016943980008363724,True,1.1666666666666667
2245,0.0009158350294455886,True,1.1666666666666667
2246,0.0017704779747873545,True,1.3571428571428572
2247,0.0008798069320619106,True,1.3571428571428572
2248,0.0016777180135250092,True,1.3333333333333333
2249,0.0006564100040122867,True,1.3333333333333333
2250,0.0016431729309260845,True,3.0
2251,0.00046316999942064285,True,3.0
2252,0.0016276109963655472,True,1.9
2253,0.0006363930879160762,True,1.9
2254,0.0016923269722610712,True,0.5625
2255,0.0011739230249077082,True,0.5625
2256,0.0018746780697256327,True,0.631578947368421
2257,0.0012830899795517325,True,0.631578947368421
2258,0.0018627069657668471,True,0.4444444444444444
2259,0.0006538829766213894,True,0.4444444444444444
2260,0.001757103018462658,True,0.5454545454545454
2261,0.0006847409531474113,True,0.5454545454545454
2262,0.0018611699342727661,True,1.0
2263,0.0007862260099500418,True,1.0
2264,0.001909925020299852,True,1.8
2265,0.0008577790576964617,True,1.8
2266,0.0019905969966202974,True,1.0
2267,0.0006991110276430845,True,1.0
2268,0.0017020069062709808,True,0.5384615384615384
2269,0.000615253928117454,True,0.5384615384615384
2270,0.001944446936249733,True,0.6666666666666666
2271,0.0012078860308974981,True,0.6666666666666666
2272,0.001862164936028421,True,-0.2
2273,0.00038256600964814425,True,-0.2
2274,0.0017929919995367527,True,1.5555555555555556
2275,0.0007133380277082324,True,1.5555555555555556
2276,0.0019168920116499066,True,1.7272727272727273
2277,0.0009040270233526826,True,1.7272727272727273
2278,0.0019220029935240746,True,0.7222222222222222
2279,0.0013229820178821683,True,0.7222222222222222
2280,0.0019656940130516887,True,1.4
2281,0.0004849969409406185,True,1.4
2282,0.0021386940497905016,True,3.0
2283,0.00046895607374608517,True,3.0
2284,0.002285384922288358,True,0.8
2285,0.0008093329379335046,True,0.8
2286,0.002111279987730086,True,1.2307692307692308
2287,0.0009955930290743709,True,1.2307692307692308
2288,0.001975962077267468,True,0.3333333333333333
2289,0.0013586090644821525,True,0.3333333333333333
2290,0.0019298041006550193,True,0.05555555555555555
2291,0.001245499006472528,True,0.05555555555555555
2292,0.0018825690494850278,True,1.6
2293,0.000727168982848525,True,1.6
2294,0.0019046709639951587,True,0.21052631578947367
2295,0.0008952590869739652,True,0.21052631578947367
2296,0.001860797987319529,True,-0.2
2297,0.0003638829803094268,True,-0.2
2298,0.0017533960053697228,True,1.3333333333333333
2299,0.0003625190583989024,True,1.3333333333333333
2300,0.0017572600627318025,True,0.4090909090909091
2301,0.001369368052110076,True,0.4090909090909091
2302,0.001944707939401269,True,0.5
2303,0.0011668779188767076,True,0.5
2304,0.0020027830032631755,True,0.2
2305,0.0008010960882529616,True,0.2
2306,0.0021927140187472105,True,0.4375
2307,0.0011428010184317827,True,0.4375
2308,0.002261657966300845,True,1.0
2309,0.0007962220115587115,True,1.0
2310,0.0017952750204131007,True,1.0
2311,0.0008988910121843219,True,1.0
2312,0.0017939290264621377,True,1.4
2313,0.00040776096284389496,True,1.4
2314,0.0019542290829122066,True,1.3
2315,0.0007763409521430731,True,1.3
2316,0.001977405045181513,True,0.7222222222222222
2317,0.0010164789855480194,True,0.7222222222222222
2318,0.0018683930393308401,True,0.38461538461538464
2319,0.0008457130752503872,True,0.38461538461538464
2320,0.001862690900452435,True,0.8888888888888888
2321,0.0006301909452304244,True,0.8888888888888888
2322,0.0021589630050584674,True,2.875
2323,0.0006017399718984962,True,2.875
2324,0.002035121084190905,True,0.5238095238095238
2325,0.0014503319980576634,True,0.5238095238095238
2326,0.002102217054925859,True,-0.2
2327,0.00026449502911418676,True,-0.2
2328,0.0018477600533515215,True,0.5882352941176471
2329,0.0011276230216026306,True,0.5882352941176471
2330,0.0023358779726549983,True,1.1666666666666667
2331,0.0011418360518291593,True,1.1666666666666667
2332,0.002353006973862648,True,1.2
2333,0.0011698580347001553,True,1.2
2334,0.0020185019820928574,True,0.7
2335,0.0008533669169992208,True,0.7
2336,0.002073033945634961,True,0.7857142857142857
2337,0.0007868949323892593,True,0.7857142857142857
2338,0.0022773640230298042,True,1.4
2339,0.0004828829551115632,True,1.4
2340,0.0020737970480695367,True,0.1875
2341,0.0012048730859532952,True,0.1875
2342,0.002064906992018223,True,0.5
2343,0.0004159490345045924,True,0.5
2344,0.002232386963441968,True,0.4
2345,0.00045749591663479805,True,0.4
2346,0.002029050956480205,True,1.0
2347,0.0007393029518425465,True,1.0
2348,0.002169365994632244,True,5.6
2349,0.0004715430550277233,True,5.6
2350,0.0021153619745746255,True,0.4
2351,0.00031173997558653355,True,0.4
2352,0.002069858950562775,True,1.4
2353,0.0007250399794429541,True,1.4
2354,0.0023545370204374194,True,0.15789473684210525
2355,0.0012807409511879086,True,0.15789473684210525
2356,0.002345422049984336,True,0.6363636363636364
2357,0.0007523670792579651,True,0.6363636363636364
2358,0.002205842058174312,True,2.2
2359,0.0008845559787005186,True,2.2
2360,0.0023722309852018952,True,0.6666666666666666
2361,0.0010489809792488813,True,0.6666666666666666
2362,0.0022628490114584565,True,2.3
2363,0.000622616964392364,True,2.3
2364,0.0020763849606737494,True,3.0
2365,0.00037955702282488346,True,3.0
2366,0.002085290034301579,True,1.4
2367,0.0004512360319495201,True,1.4
2368,0.0021528740180656314,True,1.1111111111111112
2369,0.0005585030885413289,True,1.1111111111111112
2370,0.002328371978364885,True,0.5238095238095238
2371,0.0014973649522289634,True,0.5238095238095238
2372,0.002246204996481538,True,1.4
2373,0.00040421204175800085,True,1.4
2374,0.0022577029885724187,True,0.3
2375,0.0012748070294037461,True,0.3
2376,0.0024671299615874887,True,1.5555555555555556
2377,0.0006962110055610538,True,1.5555555555555556
2378,0.0020494950003921986,True,0.3333333333333333
2379,0.000760531984269619,True,0.3333333333333333
2380,0.002569210948422551,True,0.6875
2381,0.001077165943570435,True,0.6875
2382,0.002467134967446327,True,0.2857142857142857
2383,0.0009675530018284917,True,0.2857142857142857
2384,0.0022623389959335327,True,0.4
2385,0.00024586007930338383,True,0.4
2386,0.002134219976142049,True,0.34782608695652173
2387,0.0016090449644252658,True,0.34782608695652173
2388,0.002369800000451505,True,0.5
2389,0.0014300779439508915,True,0.5
2390,0.0025057579623535275,True,2.125
2391,0.0005090059712529182,True,2.125
2392,0.0025211500469595194,True,0.9166666666666666
2393,0.0008944339351728559,True,0.9166666666666666
2394,0.002488492988049984,True,0.7333333333333333
2395,0.0009985740762203932,True,0.7333333333333333
2396,0.0022574379108846188,True,0.4
2397,0.0003636380424723029,True,0.4
2398,0.00266725302208215,True,1.1
2399,0.0009367180755361915,True,1.1
2400,0.0027234769659116864,True,1.7777777777777777
2401,0.0006672609597444534,True,1.7777777777777777
2402,0.0022989920107647777,True,0.9375
2403,0.0009422299917787313,True,0.9375
2404,0.0023861370282247663,True,1.2857142857142858
2405,0.0009572530398145318,True,1.2857142857142858
2406,0.002334180986508727,True,0.19047619047619047
2407,0.0013505169190466404,True,0.19047619047619047
2408,0.0023953079944476485,True,2.375
2409,0.0006791260093450546,True,2.375
2410,0.0023877149214968085,True,1.4
2411,0.00037363101728260517,True,1.4
2412,0.0023642060114070773,True,1.6666666666666667
2413,0.0005704270442947745,True,1.6666666666666667
2414,0.0024507680209353566,True,0.047619047619047616
2415,0.0014246839564293623,True,0.047619047619047616
2416,0.0024309479631483555,True,1.5
2417,0.0008587699849158525,True,1.5
2418,0.0024239560589194298,True,0.9411764705882353
2419,0.00119278603233397,True,0.9411764705882353
2420,0.002852694015018642,True,1.7
2421,0.0007338270079344511,True,1.7
2422,0.0025408449582755566,True,0.5714285714285714
2423,0.001209515961818397,True,0.5714285714285714
2424,0.0025806680787354708,True,0.45454545454545453
2425,0.0015382380224764347,True,0.45454545454545453
2426,0.0025471460539847612,True,0.7647058823529411
2427,0.001092744991183281,True,0.7647058823529411
2428,0.002512530074454844,True,0.3684210526315789
2429,0.0013493690639734268,True,0.3684210526315789
2430,0.0026096340734511614,True,0.3125
2431,0.001195766031742096,True,0.3125
2432,0.0025802559684962034,True,1.1111111111111112
2433,0.0006110970862209797,True,1.1111111111111112
2434,0.002531409962102771,True,3.0
2435,0.00045087700709700584,True,3.0
2436,0.0025682939449325204,True,0.09090909090909091
2437,0.0007819159654900432,True,0.09090909090909091
2438,0.0028615660266950727,True,0.36363636363636365
2439,0.0013369229855015874,True,0.36363636363636365
2440,0.0029677320271730423,True,0.5
2441,0.0018129139207303524,True,0.5
2442,0.0027656740276142955,True,0.7857142857142857
2443,0.001047795987688005,True,0.7857142857142857
2444,0.0026174660306423903,True,1.0
2445,0.0006216149777173996,True,1.0
2446,0.00280419597402215,True,1.6666666666666667
2447,0.0006279889494180679,True,1.6666666666666667
2448,0.00271993107162416,True,0.9333333333333333
2449,0.0011170509969815612,True,0.9333333333333333
2450,0.0026109900791198015,True,1.25
2451,0.0003726950380951166,True,1.25
2452,0.002518027904443443,True,5.6
2453,0.0005121079739183187,True,5.6
2454,0.0027463450096547604,True,5.6
2455,0.00045722792856395245,True,5.6
2456,0.002670011017471552,True,0.5625
2457,0.0012185469968244433,True,0.5625
2458,0.002950994996353984,True,3.0
2459,0.0005187699571251869,True,3.0
2460,0.0035468179266899824,True,2.3
2461,0.000995345995761454,True,2.3
2462,0.0029160360572859645,True,1.5
2463,0.000861648004502058,True,1.5
2464,0.0026803090004250407,True,0.65
2465,0.0012765140272676945,True,0.65
2466,0.0026708539808169007,True,0.10526315789473684
2467,0.0013291439972817898,True,0.10526315789473684
2468,0.0025020380271598697,True,0.8571428571428571
2469,0.0010246960446238518,True,0.8571428571428571
2470,0.0026756810257211328,True,1.3571428571428572
2471,0.0009161160560324788,True,1.3571428571428572
2472,0.0027735709445551038,True,0.15
2473,0.0011710310354828835,True,0.15
2474,0.002435090020298958,True,0.4444444444444444
2475,0.0007098820060491562,True,0.4444444444444444
2476,0.002560468972660601,True,1.2
2477,0.0006329029565677047,True,1.2
2478,0.0034310410264879465,True,0.42105263157894735
2479,0.001369185047224164,True,0.42105263157894735
2480,0.002706816070713103,True,1.7
2481,0.0006937989965081215,True,1.7
2482,0.0028619080549106,True,1.2
2483,0.0007508390117436647,True,1.2
2484,0.002900982042774558,True,1.3846153846153846
2485,0.0008114280644804239,True,1.3846153846153846
2486,0.002608619979582727,True,0.5333333333333333
2487,0.0008465900318697095,True,0.5333333333333333
2488,0.002736186026595533,True,0.5789473684210527
2489,0.0010234989458695054,True,0.5789473684210527
2490,0.0027561179595068097,True,2.3
2491,0.000688052037730813,True,2.3
2492,0.0030274050077423453,True,1.1666666666666667
2493,0.0008098490070551634,True,1.1666666666666667
2494,0.002926528104580939,True,0.6470588235294118
2495,0.0013165069976821542,True,0.6470588235294118
2496,0.0029878310160711408,True,2.2222222222222223
2497,0.0008655409328639507,True,2.2222222222222223
2498,0.0027698390185832977,True,1.3571428571428572
2499,0.0008388059213757515,True,1.3571428571428572
2500,0.0028622339013963938,True,0.3888888888888889
2501,0.0011493789497762918,True,0.3888888888888889
2502,0.00280374800786376,True,0.47058823529411764
2503,0.0010602580150589347,True,0.47058823529411764
2504,0.0028638560324907303,True,0.35
2505,0.0013842959888279438,True,0.35
2506,0.0027186130173504353,True,0.8666666666666667
2507,0.0011695170542225242,True,0.8666666666666667
2508,0.002665132051333785,True,0.3333333333333333
2509,0.0008082269923761487,True,0.3333333333333333
2510,0.0028445159550756216,True,2.2
2511,0.000800214009359479,True,2.2
2512,0.002789966994896531,True,1.1
2513,0.0006102799670770764,True,1.1
2514,0.003537273034453392,True,1.6666666666666667
2515,0.0010704779997467995,True,1.6666666666666667
2516,0.003065801109187305,True,0.2857142857142857
2517,0.001216684002429247,True,0.2857142857142857
2518,0.0029860850190743804,True,1.0
2519,0.0007145489798858762,True,1.0
2520,0.0029823490185663104,True,0.13636363636363635
2521,0.0014223100151866674,True,0.13636363636363635
2522,0.0027693690499290824,True,0.4
2523,0.0009088319493457675,True,0.4
2524,0.002797188935801387,True,1.0
2525,0.0007571730529889464,True,1.0
2526,0.002961274003610015,True,1.6
2527,0.0007097469642758369,True,1.6
2528,0.002932692994363606,True,1.0714285714285714
2529,0.0010604759445413947,True,1.0714285714285714
2530,0.003319114097394049,True,0.5555555555555556
2531,0.0007175850914791226,True,0.5555555555555556
2532,0.0029853209853172302,True,1.0
2533,0.0007644370198249817,True,1.0
2534,0.00326627807226032,True,1.0714285714285714
2535,0.0009733620099723339,True,1.0714285714285714
2536,0.0030448309844359756,True,1.8
2537,0.0006080439779907465,True,1.8
2538,0.003257206059060991,True,1.625
2539,0.0005546689499169588,True,1.625
2540,0.003095109947025776,True,1.0769230769230769
2541,0.0008744909428060055,True,1.0769230769230769
2542,0.0031267210142686963,True,0.4117647058823529
2543,0.00097347900737077,True,0.4117647058823529
2544,0.002861047047190368,True,0.15
2545,0.0013240150874480605,True,0.15
2546,0.0029868410201743245,True,3.0
2547,0.0005150499055162072,True,3.0
2548,0.003421556088142097,True,0.5882352941176471
2549,0.0011458579683676362,True,0.5882352941176471
2550,0.0029849389102309942,True,0.4
2551,0.0003044760087504983,True,0.4
2552,0.0031234900234267116,True,1.6363636363636365
2553,0.0006785279838368297,True,1.6363636363636365
2554,0.003147089038975537,True,0.2727272727272727
2555,0.0012422039872035384,True,0.2727272727272727
2556,0.0031156750628724694,True,2.3333333333333335
2557,0.0007062240038067102,True,2.3333333333333335
2558,0.0031716980738565326,True,0.875
2559,0.0011960010742768645,True,0.875
2560,0.0031256299698725343,True,0.7222222222222222
2561,0.0014254009583964944,True,0.7222222222222222
2562,0.003060809103772044,True,1.3636363636363635
2563,0.0007727310294285417,True,1.3636363636363635
2564,0.0034051259281113744,True,1.3636363636363635
2565,0.0007622899720445275,True,1.3636363636363635
2566,0.003329463070258498,True,0.5882352941176471
2567,0.0008521559648215771,True,0.5882352941176471
2568,0.003349045990034938,True,0.3181818181818182
2569,0.0009490560041740537,True,0.3181818181818182
2570,0.0031406210036948323,True,0.5454545454545454
2571,0.0007741489680483937,True,0.5454545454545454
2572,0.0031300069531425834,True,1.1428571428571428
2573,0.00045451498590409756,True,1.1428571428571428
2574,0.003213566029444337,True,0.8571428571428571
2575,0.001092372927814722,True,0.8571428571428571
2576,0.0030577760189771652,True,0.5714285714285714
2577,0.0008352029835805297,True,0.5714285714285714
2578,0.0031229068990796804,True,0.8
2579,0.0007666329620406032,True,0.8
2580,0.003406036994419992,True,0.5
2581,0.0014230930246412754,True,0.5
2582,0.00341157300863415,True,0.9285714285714286
2583,0.0009471590165048838,True,0.9285714285714286
2584,0.0034181849332526326,True,0.125
2585,0.0013326460029929876,True,0.125
2586,0.003102577058598399,True,0.6666666666666666
2587,0.0012871409999206662,True,0.6666666666666666
2588,0.003405967028811574,True,0.45
2589,0.0012482339516282082,True,0.45
2590,0.0032101969700306654,True,1.6
2591,0.0007708279881626368,True,1.6
2592,0.0031625929987058043,True,0.6
2593,0.0007368880324065685,True,0.6
2594,0.003316543996334076,True,1.9
2595,0.0008252960396930575,True,1.9
2596,0.003701610956341028,True,1.0
2597,0.0007573140319436789,True,1.0
2598,0.0034536769380792975,True,0.5
2599,0.0014867340214550495,True,0.5
2600,0.003198990016244352,True,0.5238095238095238
2601,0.0011303119827061892,True,0.5238095238095238
2602,0.003369670012034476,True,1.0
2603,0.0008558540139347315,True,1.0
2604,0.0031110200798138976,True,0.8666666666666667
2605,0.0009737989166751504,True,0.8666666666666667
2606,0.0032789300894364715,True,0.42105263157894735
2607,0.0012178299948573112,True,0.42105263157894735
2608,0.00325845496263355,True,1.2222222222222223
2609,0.0006156939780339599,True,1.2222222222222223
2610,0.003944428986869752,True,0.6470588235294118
2611,0.001590124098584056,True,0.6470588235294118
2612,0.0037858220748603344,True,0.4
2613,0.0005122718866914511,True,0.4
2614,0.003305595018900931,True,1.7777777777777777
2615,0.000723406090401113,True,1.7777777777777777
2616,0.003137427964247763,True,1.3
2617,0.0011535329977050424,True,1.3
2618,0.0034236160572618246,True,0.2857142857142857
2619,0.0012439169222489,True,0.2857142857142857
2620,0.003214017953723669,True,0.6
2621,0.001042974996380508,True,0.6
2622,0.003243157989345491,True,1.4
2623,0.0003998919855803251,True,1.4
2624,0.003543213941156864,True,1.2222222222222223
2625,0.0006934029515832663,True,1.2222222222222223
2626,0.004419678007252514,True,0.631578947368421
2627,0.0013930000131949782,True,0.631578947368421
2628,0.0037592248991131783,True,0.43478260869565216
2629,0.0019094799645245075,True,0.43478260869565216
2630,0.0037687619915232062,True,2.7142857142857144
2631,0.0006004190072417259,True,2.7142857142857144
2632,0.003579846932552755,True,0.8181818181818182
2633,0.0007573249749839306,True,0.8181818181818182
2634,0.0033325609983876348,True,0.5789473684210527
2635,0.0014047930017113686,True,0.5789473684210527
2636,0.0034821340814232826,True,2.0
2637,0.0009309649467468262,True,2.0
2638,0.00351281207986176,True,1.7272727272727273
2639,0.0007797270081937313,True,1.7272727272727273
2640,0.0041110069723799825,True,0.631578947368421
2641,0.0015896259574219584,True,0.631578947368421
2642,0.003668277058750391,True,2.6666666666666665
2643,0.0007769400253891945,True,2.6666666666666665
2644,0.0035332770785316825,True,0.45454545454545453
2645,0.0008042489644140005,True,0.45454545454545453
2646,0.003545387997291982,True,1.4166666666666667
2647,0.0008420500671491027,True,1.4166666666666667
2648,0.0034931920235976577,True,0.3684210526315789
2649,0.001400111010298133,True,0.3684210526315789
2650,0.0036990189692005515,True,0.35
2651,0.0013055619783699512,True,0.35
2652,0.0034816799452528358,True,0.875
2653,0.001152769080363214,True,0.875
2654,0.0036199570167809725,True,1.1666666666666667
2655,0.0007202089764177799,True,1.1666666666666667
2656,0.003724340000189841,True,0.5454545454545454
2657,0.0008156399708241224,True,0.5454545454545454
2658,0.0037233319599181414,True,1.5384615384615385
2659,0.000909658963792026,True,1.5384615384615385
2660,0.003638553898781538,True,0.4
2661,0.0011564110172912478,True,0.4
2662,0.003461449989117682,True,0.09090909090909091
2663,0.0007330350345000625,True,0.09090909090909091
2664,0.003760193008929491,True,0.4
2665,0.000694702030159533,True,0.4
2666,0.0035806879168376327,True,0.13636363636363635
2667,0.0012664679670706391,True,0.13636363636363635
2668,0.0035434969468042254,True,0.5
2669,0.0005878000520169735,True,0.5
2670,0.004023343906737864,True,0.5263157894736842
2671,0.001367204007692635,True,0.5263157894736842
2672,0.00398024101741612,True,2.2
2673,0.000754582928493619,True,2.2
2674,0.0040844850009307265,True,0.4
2675,0.0003861160948872566,True,0.4
2676,0.003291251021437347,True,0.8888888888888888
2677,0.0005375200416892767,True,0.8888888888888888
2678,0.003595593967474997,True,0.7272727272727273
2679,0.000895195989869535,True,0.7272727272727273
2680,0.003521379898302257,True,1.2727272727272727
2681,0.0008084239671006799,True,1.2727272727272727
2682,0.003695470979437232,True,1.6666666666666667
2683,0.0006835180101916194,True,1.6666666666666667
2684,0.0038221259601414204,True,0.1
2685,0.0010881780181080103,True,0.1
2686,0.004039536928758025,True,1.0666666666666667
2687,0.00127199396956712,True,1.0666666666666667
2688,0.003668690100312233,True,0.9
2689,0.0007545549888163805,True,0.9
2690,0.003571721026673913,True,0.9
2691,0.0006405700696632266,True,0.9
2692,0.0037106749368831515,True,0.7333333333333333
2693,0.0011992240324616432,True,0.7333333333333333
2694,0.0037020009476691484,True,1.7
2695,0.0008805569959804416,True,1.7
2696,0.0036343580577522516,True,0.5714285714285714
2697,0.0015002329600974917,True,0.5714285714285714
2698,0.0043165229726582766,True,1.5555555555555556
2699,0.0007325340993702412,True,1.5555555555555556
2700,0.004022698034532368,True,0.7142857142857143
2701,0.0010167959844693542,True,0.7142857142857143
2702,0.0036545019829645753,True,0.5789473684210527
2703,0.0016846120124682784,True,0.5789473684210527
2704,0.004014253965578973,True,3.0
2705,0.00039053300861269236,True,3.0
2706,0.003785627894103527,True,0.7777777777777778
2707,0.0009084310149773955,True,0.7777777777777778
2708,0.0034777879482135177,True,0.45
2709,0.001251696958206594,True,0.45
2710,0.0038483249954879284,True,0.9
2711,0.0007989329751580954,True,0.9
2712,0.004239751026034355,True,0.6
2713,0.0011563010048121214,True,0.6
2714,0.0037570910062640905,True,0.7692307692307693
2715,0.0010329469805583358,True,0.7692307692307693
2716,0.0038394510047510266,True,1.0
2717,0.0006078339647501707,True,1.0
2718,0.003683450981043279,True,0.8571428571428571
2719,0.0004128639120608568,True,0.8571428571428571
2720,0.0039524739840999246,True,0.6875
2721,0.0011758159380406141,True,0.6875
2722,0.003786724992096424,True,0.8181818181818182
2723,0.0007819350576028228,True,0.8181818181818182
2724,0.003831626963801682,True,0.8888888888888888
2725,0.0005527460016310215,True,0.8888888888888888
2726,0.004193909931927919,True,5.6
2727,0.000568075105547905,True,5.6
2728,0.004377616918645799,True,0.5714285714285714
2729,0.0015192559221759439,True,0.5714285714285714
2730,0.004044542089104652,True,-0.2
2731,0.00041884405072778463,True,-0.2
2732,0.004109218949452043,True,0.375
2733,0.001144183101132512,True,0.375
2734,0.0038542269030585885,True,0.0
2735,0.0016966320108622313,True,0.0
2736,0.0038000510539859533,True,1.5
2737,0.0007782669272273779,True,1.5
2738,0.0044741780729964375,True,3.0
2739,0.0003819710109382868,True,3.0
2740,0.004601015942171216,True,1.1333333333333333
2741,0.0013106749393045902,True,1.1333333333333333
2742,0.004143154947087169,True,1.4
2743,0.0004643440479412675,True,1.4
2744,0.004072426934726536,True,1.4
2745,0.0004119409713894129,True,1.4
2746,0.004128962988033891,True,1.4444444444444444
2747,0.0007500959327444434,True,1.4444444444444444
2748,0.0038103179540485144,True,0.2857142857142857
2749,0.0011938130483031273,True,0.2857142857142857
2750,0.003949697013013065,True,0.625
2751,0.0010883969953283668,True,0.625
2752,0.004180991090834141,True,0.5625
2753,0.0013026859378442168,True,0.5625
2754,0.004159425967372954,True,1.3
2755,0.0006533130072057247,True,1.3
2756,0.004013839061371982,True,1.3
2757,0.0009164370130747557,True,1.3
2758,0.0039344149408861995,True,0.7
2759,0.0006614630110561848,True,0.7
2760,0.003947032033465803,True,1.8888888888888888
2761,0.000515385065227747,True,1.8888888888888888
2762,0.004035071935504675,True,0.42857142857142855
2763,0.0015097249997779727,True,0.42857142857142855
2764,0.004570938996039331,True,1.4444444444444444
2765,0.0006508870283141732,True,1.4444444444444444
2766,0.004021233995445073,True,0.5
2767,0.000679540098644793,True,0.5
2768,0.004242814960889518,True,0.4117647058823529
2769,0.0011438749497756362,True,0.4117647058823529
2770,0.0038716449635103345,True,0.0
2771,0.0012625600211322308,True,0.0
2772,0.004124404978938401,True,0.5625
2773,0.0012361480621621013,True,0.5625
2774,0.004023536923341453,True,1.1428571428571428
2775,0.0005157389678061008,True,1.1428571428571428
2776,0.0039009619504213333,True,1.625
2777,0.0005980470450595021,True,1.625
2778,0.004625817993655801,True,1.0833333333333333
2779,0.000845319009386003,True,1.0833333333333333
2780,0.004219310008920729,True,2.4444444444444446
2781,0.0007783969631418586,True,2.4444444444444446
2782,0.004309525014832616,True,1.3333333333333333
2783,0.0004896910395473242,True,1.3333333333333333
2784,0.004132442991249263,True,0.6
2785,0.0006193090230226517,True,0.6
2786,0.004050161922350526,True,1.3333333333333333
2787,0.0005856800125911832,True,1.3333333333333333
2788,0.004081137012690306,True,0.4
2789,0.0003840129356831312,True,0.4
2790,0.0046637769555673,True,1.7272727272727273
2791,0.0007699360139667988,True,1.7272727272727273
2792,0.004264723975211382,True,1.9090909090909092
2793,0.000800178968347609,True,1.9090909090909092
2794,0.0039268359541893005,True,2.3333333333333335
2795,0.0006515949498862028,True,2.3333333333333335
2796,0.004122007987461984,True,0.8823529411764706
2797,0.001198863028548658,True,0.8823529411764706
2798,0.004375157994218171,True,0.65
2799,0.0012960199965164065,True,0.65
2800,0.00407820800319314,True,0.23809523809523808
2801,0.0013126840349286795,True,0.23809523809523808
2802,0.004290233948267996,True,0.9
2803,0.000619770959019661,True,0.9
2804,0.004559989087283611,True,0.36363636363636365
2805,0.00145074597094208,True,0.36363636363636365
2806,0.00497332401573658,True,0.631578947368421
2807,0.0014318129979074001,True,0.631578947368421
2808,0.004595514968968928,True,0.20833333333333334
2809,0.001221921993419528,True,0.20833333333333334
2810,0.0044906759867444634,True,0.8181818181818182
2811,0.0007256580283865333,True,0.8181818181818182
2812,0.005366119090467691,True,1.4
2813,0.00045029004104435444,True,1.4
2814,0.004472522065043449,True,2.2
2815,0.000812547979876399,True,2.2
2816,0.004821623908355832,True,0.5238095238095238
2817,0.0015943560283631086,True,0.5238095238095238
2818,0.00447720498777926,True,0.2727272727272727
2819,0.0009548919042572379,True,0.2727272727272727
2820,0.004542362992651761,True,0.13333333333333333
2821,0.0010023750364780426,True,0.13333333333333333
2822,0.004203772987239063,True,0.3125
2823,0.0011237980797886848,True,0.3125
2824,0.004088680958375335,True,-0.09523809523809523
2825,0.001118076965212822,True,-0.09523809523809523
2826,0.004331554984673858,True,0.09090909090909091
2827,0.0012192029971629381,True,0.09090909090909091
2828,0.00500909797847271,True,1.7
2829,0.0006775560323148966,True,1.7
2830,0.004561465932056308,True,1.3
2831,0.0006900869775563478,True,1.3
2832,0.004444346996024251,True,1.9
2833,0.0007320109289139509,True,1.9
2834,0.004303904017433524,True,1.0625
2835,0.0010676319943740964,True,1.0625
2836,0.004185117082670331,True,0.9
2837,0.0007611610926687717,True,0.9
2838,0.0041465709218755364,True,0.29411764705882354
2839,0.001065099029801786,True,0.29411764705882354
2840,0.004991955007426441,True,0.6875
2841,0.0011922220000997186,True,0.6875
2842,0.004548582015559077,True,0.7222222222222222
2843,0.001072200946509838,True,0.7222222222222222
2844,0.00426081707701087,True,0.5714285714285714
2845,0.001409724005497992,True,0.5714285714285714
2846,0.00438645901158452,True,2.111111111111111
2847,0.0013043469516560435,True,2.111111111111111
2848,0.004719879012554884,True,0.5263157894736842
2849,0.0014040040550753474,True,0.5263157894736842
2850,0.004678835044614971,True,0.3
2851,0.0012295430060476065,True,0.3
2852,0.005062510026618838,True,3.0
2853,0.0005054270150139928,True,3.0
2854,0.004998457967303693,True,3.125
2855,0.0005432830657809973,True,3.125
2856,0.004504407988861203,True,1.1111111111111112
2857,0.000586925889365375,True,1.1111111111111112
2858,0.004490967956371605,True,1.3636363636363635
2859,0.0008224089397117496,True,1.3636363636363635
2860,0.004285797942429781,True,1.0909090909090908
2861,0.0008219339651986957,True,1.0909090909090908
2862,0.0045817759819328785,True,0.18181818181818182
2863,0.0014784079976379871,True,0.18181818181818182
2864,0.00501239497680217,True,0.7222222222222222
2865,0.0012734699994325638,True,0.7222222222222222
2866,0.0042904120637103915,True,0.6923076923076923
2867,0.0009640100179240108,True,0.6923076923076923
2868,0.0045661949552595615,True,0.6923076923076923
2869,0.0009208020055666566,True,0.6923076923076923
2870,0.004467140999622643,True,0.058823529411764705
2871,0.001095114042982459,True,0.058823529411764705
2872,0.004541927948594093,True,1.1
2873,0.0007348989602178335,True,1.1
2874,0.004475563997402787,True,-0.14285714285714285
2875,0.00038307206705212593,True,-0.14285714285714285
2876,0.005242652026936412,True,0.9090909090909091
2877,0.0008434830233454704,True,0.9090909090909091
2878,0.005039958981797099,True,1.4
2879,0.0004484049277380109,True,1.4
2880,0.005600822041742504,True,0.3333333333333333
2881,0.0014017319772392511,True,0.3333333333333333
2882,0.004528703982941806,True,2.0
2883,0.0007068300619721413,True,2.0
2884,0.004675057018175721,True,0.6666666666666666
2885,0.0008247490040957928,True,0.6666666666666666
2886,0.004614311037585139,True,1.1333333333333333
2887,0.0011103820288553834,True,1.1333333333333333
2888,0.005162741057574749,True,1.8888888888888888
2889,0.0006622609216719866,True,1.8888888888888888
2890,0.004568172036670148,True,0.2727272727272727
2891,0.0015481130685657263,True,0.2727272727272727
2892,0.00464404106605798,True,0.6
2893,0.0016770090442150831,True,0.6
2894,0.004643826046958566,True,1.0
2895,0.000703935045748949,True,1.0
2896,0.004633640986867249,True,1.7
2897,0.0007967189885675907,True,1.7
2898,0.004534426960162818,True,0.4
2899,0.0004086869303137064,True,0.4
2900,0.00494421599432826,True,0.4
2901,0.00040250993333756924,True,0.4
2902,0.00510176201350987,True,0.47619047619047616
2903,0.0012259799987077713,True,0.47619047619047616
2904,0.0047266880283132195,True,0.3181818181818182
2905,0.0012933369725942612,True,0.3181818181818182
2906,0.004561003064736724,True,2.3333333333333335
2907,0.0007584979757666588,True,2.3333333333333335
2908,0.004773754975758493,True,0.5294117647058824
2909,0.0011506819864735007,True,0.5294117647058824
2910,0.004640019033104181,True,0.65
2911,0.00139134400524199,True,0.65
2912,0.005260882084257901,True,0.4375
2913,0.0012037709821015596,True,0.4375
2914,0.004911978030577302,True,0.4
2915,0.0003656629705801606,True,0.4
2916,0.004936643992550671,True,0.42105263157894735
2917,0.0013303030282258987,True,0.42105263157894735
2918,0.00499503908213228,True,0.42105263157894735
2919,0.0013525310205295682,True,0.42105263157894735
2920,0.0046381959691643715,True,1.125
2921,0.0006360800471156836,True,1.125
2922,0.004845714080147445,True,0.47368421052631576
2923,0.0012875159736722708,True,0.47368421052631576
2924,0.005082439980469644,True,0.19047619047619047
2925,0.0015474458923563361,True,0.19047619047619047
2926,0.004378664889372885,True,1.1111111111111112
2927,0.0007311520166695118,True,1.1111111111111112
2928,0.0045528089394792914,True,0.05555555555555555
2929,0.0011936130467802286,True,0.05555555555555555
2930,0.004542873008176684,True,1.7
2931,0.0006220120703801513,True,1.7
2932,0.004792738007381558,True,1.5555555555555556
2933,0.0005897749215364456,True,1.5555555555555556
2934,0.004845767980441451,True,1.5384615384615385
2935,0.0009365120204165578,True,1.5384615384615385
2936,0.005052210064604878,True,3.0
2937,0.00045105000026524067,True,3.0
2938,0.004846381954848766,True,1.6363636363636365
2939,0.000809894991107285,True,1.6363636363636365
2940,0.004859031061641872,True,0.7333333333333333
2941,0.0010160829406231642,True,0.7333333333333333
2942,0.004923610016703606,True,0.7333333333333333
2943,0.0011035349452868104,True,0.7333333333333333
2944,0.004993821028620005,True,0.8888888888888888
2945,0.0007205089787021279,True,0.8888888888888888
2946,0.005026831990107894,True,3.0
2947,0.00042343197856098413,True,3.0
2948,0.005271330010145903,True,0.65
2949,0.00238656101282686,True,0.65
2950,0.006662343977950513,True,1.4545454545454546
2951,0.0009347089799121022,True,1.4545454545454546
2952,0.004690481931902468,True,0.5555555555555556
2953,0.0006172970170155168,True,0.5555555555555556
2954,0.0053020569030195475,True,2.6666666666666665
2955,0.0005944570293650031,True,2.6666666666666665
2956,0.004942771978676319,True,0.42857142857142855
2957,0.0016361229354515672,True,0.42857142857142855
2958,0.005358440917916596,True,0.5555555555555556
2959,0.0012859920971095562,True,0.5555555555555556
2960,0.005250678979791701,True,0.3333333333333333
2961,0.0014797470066696405,True,0.3333333333333333
2962,0.005144892958924174,True,1.3333333333333333
2963,0.0007642400451004505,True,1.3333333333333333
2964,0.004727846011519432,True,0.47619047619047616
2965,0.0015226959949359298,True,0.47619047619047616
2966,0.004842257942073047,True,1.0909090909090908
2967,0.0007419250905513763,True,1.0909090909090908
2968,0.004835883039049804,True,0.21052631578947367
2969,0.0010772839887067676,True,0.21052631578947367
2970,0.005406675045378506,True,0.4444444444444444
2971,0.0009480250300839543,True,0.4444444444444444
2972,0.005039892974309623,True,0.045454545454545456
2973,0.0014686380745843053,True,0.045454545454545456
2974,0.004908569040708244,True,0.5263157894736842
2975,0.0013865949586033821,True,0.5263157894736842
2976,0.004975336953066289,True,0.22727272727272727
2977,0.0014716010773554444,True,0.22727272727272727
2978,0.005106489988975227,True,0.5555555555555556
2979,0.001327836886048317,True,0.5555555555555556
2980,0.005349568906240165,True,0.4444444444444444
2981,0.0010175569914281368,True,0.4444444444444444
2982,0.005154446931555867,True,1.0
2983,0.000644369050860405,True,1.0
2984,0.00510361697524786,True,1.5
2985,0.0007038599578663707,True,1.5
2986,0.004948521964251995,True,1.2142857142857142
2987,0.0010497309267520905,True,1.2142857142857142
2988,0.004712577094323933,True,2.0
2989,0.0006974149728193879,True,2.0
2990,0.0051418369403108954,True,0.5789473684210527
2991,0.0012036249972879887,True,0.5789473684210527
2992,0.005495043937116861,True,3.0
2993,0.0004401139449328184,True,3.0
2994,0.005097195040434599,True,1.4
2995,0.0004305869806557894,True,1.4
2996,0.0050554180052131414,True,2.0
2997,0.00024767802096903324,True,2.0
2998,0.005103462026454508,True,1.7
2999,0.0006767730228602886,True,1.7
3000,0.005075811990536749,True,2.0
3001,0.0006657320773229003,True,2.0
